[2026-04-23T02:50:21.198] [DEBUG] debug-file - current process  memoryUsage: {
  rss: 511590400,
  heapTotal: 358137856,
  heapUsed: 328872904,
  external: 4762470,
  arrayBuffers: 909949
} os memoryUsage :17.761993408203125
[2026-04-23T02:53:33.324] [DEBUG] debug-file - session manager: set active socket. socketId=n6sDji4mPtpNlGqTAAAX
[2026-04-23T02:53:33.329] [DEBUG] debug-file - watch worker: worker id should be larger than 0. Nothing will be sent to any worker thread.
[2026-04-23T02:53:33.347] [DEBUG] debug-file - Workers' log level updated to INFO
[2026-04-23T02:53:33.373] [DEBUG] debug-file - Hvigor init with startParameters:{
  hvigorfileTypeCheck: false,
  parallelExecution: true,
  incrementalExecution: true,
  printStackTrace: false,
  daemon: true,
  analyze: 0,
  logLevel: Level { level: 20000, levelStr: 'INFO', colour: 'green' },
  optimizationStrategy: 'memory',
  hotCompile: undefined,
  hotReloadBuild: undefined,
  customizedParam: undefined
}
[2026-04-23T02:53:33.393] [DEBUG] debug-file - Cache service initialization finished in 21 ms 
[2026-04-23T02:53:33.397] [DEBUG] debug-file - hvigorfile, resolving /Users/muniao/Downloads/Pink_House/harmony_next/hvigorfile.ts
[2026-04-23T02:53:33.410] [DEBUG] debug-file - hvigorfile, require result:  { default: {} }
[2026-04-23T02:53:33.410] [DEBUG] debug-file - hvigorfile, binding system plugins null
[2026-04-23T02:53:33.410] [DEBUG] debug-file - Starting plugin build process
[2026-04-23T02:53:33.410] [DEBUG] debug-file - App plugin prepare start...
[2026-04-23T02:53:33.411] [DEBUG] debug-file - App plugin prepare end...
[2026-04-23T02:53:33.411] [DEBUG] debug-file - App plugin creating...
[2026-04-23T02:53:33.421] [DEBUG] debug-file - App plugin register hook start...
[2026-04-23T02:53:33.421] [DEBUG] debug-file - App plugin register hook end...
[2026-04-23T02:53:33.421] [DEBUG] debug-file - Plugin build process completed
[2026-04-23T02:53:33.422] [DEBUG] debug-file - Start initialize project's product build option map with build mode debug.
[2026-04-23T02:53:33.422] [DEBUG] debug-file - Picking option from product 'default' with build mode 'debug'.
[2026-04-23T02:53:33.422] [DEBUG] debug-file - Product 'default' build option initialized
[2026-04-23T02:53:33.423] [DEBUG] debug-file - End initialize project's product build option map with build mode 'debug'.
[2026-04-23T02:53:33.423] [DEBUG] debug-file - Obtain build option for product 'default'in this build.
[2026-04-23T02:53:33.424] [DEBUG] debug-file - No signingConfig found, initRemoteHspCache failed.
[2026-04-23T02:53:33.427] [DEBUG] debug-file - Start recording SDK configuration permission data.
[2026-04-23T02:53:33.488] [DEBUG] debug-file - Sdk init in 63 ms 
[2026-04-23T02:53:33.492] [DEBUG] debug-file - Project task initialization takes 4 ms 
[2026-04-23T02:53:33.492] [DEBUG] debug-file - hvigorfile, begin to bind custom plugins...
[2026-04-23T02:53:33.492] [DEBUG] debug-file - hvigorfile, no custom plugins were found in /Users/muniao/Downloads/Pink_House/harmony_next/hvigorfile.ts
[2026-04-23T02:53:33.492] [DEBUG] debug-file - hvigorfile, resolve finished /Users/muniao/Downloads/Pink_House/harmony_next/hvigorfile.ts
[2026-04-23T02:53:33.492] [DEBUG] debug-file - hvigorfile, resolving /Users/muniao/Downloads/Pink_House/harmony_next/entry/hvigorfile.ts
[2026-04-23T02:53:33.500] [DEBUG] debug-file - hvigorfile, require result:  { default: {} }
[2026-04-23T02:53:33.500] [DEBUG] debug-file - hvigorfile, binding system plugins null
[2026-04-23T02:53:33.500] [DEBUG] debug-file - Starting plugin build process
[2026-04-23T02:53:33.500] [DEBUG] debug-file - Hap plugin creating...
[2026-04-23T02:53:33.501] [DEBUG] debug-file - failed to load cangjie to dynamically generate schemas: Error: Cannot find module '@ohos/cangjie-build-support/index'
Require stack:
- /Applications/DevEco-Studio.app/Contents/tools/hvigor/hvigor-ohos-plugin/src/plugin/hooks/cangjie-register.js
- /Applications/DevEco-Studio.app/Contents/tools/hvigor/hvigor-ohos-plugin/src/plugin/strategy/stage-init-strategy.js
- /Applications/DevEco-Studio.app/Contents/tools/hvigor/hvigor-ohos-plugin/src/plugin/builder/abstract-plugin-builder.js
- /Applications/DevEco-Studio.app/Contents/tools/hvigor/hvigor-ohos-plugin/src/plugin/builder/app-plugin-builder.js
- /Applications/DevEco-Studio.app/Contents/tools/hvigor/hvigor-ohos-plugin/src/plugin/factory/plugin-factory.js
- /Applications/DevEco-Studio.app/Contents/tools/hvigor/hvigor-ohos-plugin/index.js
- /Users/muniao/Downloads/Pink_House/harmony_next/hvigorfile.ts
- /Applications/DevEco-Studio.app/Contents/tools/hvigor/hvigor/src/base/internal/lifecycle/configuration.js
- /Applications/DevEco-Studio.app/Contents/tools/hvigor/hvigor/src/base/boot/index.js
- /Applications/DevEco-Studio.app/Contents/tools/hvigor/hvigor/src/base/daemon/cluster/worker-process-lifecycle.js
- /Applications/DevEco-Studio.app/Contents/tools/hvigor/hvigor/src/base/daemon/process/daemon-process-boot-script.js
[2026-04-23T02:53:33.501] [DEBUG] debug-file - Start initialize module-target build option map, moduleName=entry, buildMode=debug
[2026-04-23T02:53:33.502] [DEBUG] debug-file - Target 'default' config initialized
[2026-04-23T02:53:33.502] [DEBUG] debug-file - Module 'entry' target 'default' build option initialized
[2026-04-23T02:53:33.502] [DEBUG] debug-file - End initialize module-target build option map, moduleName=entry
[2026-04-23T02:53:33.502] [DEBUG] debug-file - Start initialize module-target build option map, moduleName=entry, buildMode=release
[2026-04-23T02:53:33.502] [DEBUG] debug-file - Target 'default' config initialized
[2026-04-23T02:53:33.502] [DEBUG] debug-file - Module 'entry' target 'default' build option initialized
[2026-04-23T02:53:33.502] [DEBUG] debug-file - End initialize module-target build option map, moduleName=entry
[2026-04-23T02:53:33.502] [DEBUG] debug-file - Start initialize module-target build option map, moduleName=entry, buildMode=debug
[2026-04-23T02:53:33.502] [DEBUG] debug-file - Target 'default' config initialized
[2026-04-23T02:53:33.502] [DEBUG] debug-file - Module 'entry' target 'default' build option initialized
[2026-04-23T02:53:33.502] [DEBUG] debug-file - End initialize module-target build option map, moduleName=entry
[2026-04-23T02:53:33.503] [DEBUG] debug-file - Obtain build option for module 'entry' target 'default'in this build.
[2026-04-23T02:53:33.505] [DEBUG] debug-file - Module entry task initialization takes 2 ms 
[2026-04-23T02:53:33.505] [DEBUG] debug-file - Hap plugin register hook start...
[2026-04-23T02:53:33.505] [DEBUG] debug-file - Hap plugin register hook end...
[2026-04-23T02:53:33.505] [DEBUG] debug-file - Plugin build process completed
[2026-04-23T02:53:33.505] [DEBUG] debug-file - hvigorfile, begin to bind custom plugins...
[2026-04-23T02:53:33.505] [DEBUG] debug-file - hvigorfile, no custom plugins were found in /Users/muniao/Downloads/Pink_House/harmony_next/entry/hvigorfile.ts
[2026-04-23T02:53:33.505] [DEBUG] debug-file - hvigorfile, resolve finished /Users/muniao/Downloads/Pink_House/harmony_next/entry/hvigorfile.ts
[2026-04-23T02:53:33.654] [DEBUG] debug-file - hvigorfile, resolve hvigorfile dependencies in 148 ms 
[2026-04-23T02:53:33.654] [DEBUG] debug-file - project has submodules:entry
[2026-04-23T02:53:33.656] [DEBUG] debug-file - start to load updatedOhPackageInfo to the disk
[2026-04-23T02:53:33.657] [DEBUG] debug-file - load to the disk finished
[2026-04-23T02:53:33.657] [DEBUG] debug-file - Start to initialize dependency information.
[2026-04-23T02:53:33.657] [DEBUG] debug-file - Module harmony_next Collected Dependency: 
[2026-04-23T02:53:33.658] [DEBUG] debug-file - Module harmony_next's total dependency: 0
[2026-04-23T02:53:33.658] [DEBUG] debug-file - Start to initialize dependency information.
[2026-04-23T02:53:33.658] [DEBUG] debug-file - Module entry Collected Dependency: 
[2026-04-23T02:53:33.658] [DEBUG] debug-file - Module entry's total dependency: 0
[2026-04-23T02:53:33.659] [DEBUG] debug-file - Configuration phase cost:265 ms 
[2026-04-23T02:53:33.659] [DEBUG] debug-file - Configuration task cost before running: 309 ms 
[2026-04-23T02:53:33.661] [DEBUG] debug-file - Executing task :entry:default@PreBuild
[2026-04-23T02:53:33.662] [DEBUG] debug-file - Task 'entry:default@PreBuild' cost while wrapping incremental declarations: 1 ms 
[2026-04-23T02:53:33.663] [DEBUG] debug-file - entry:default@PreBuild is not up-to-date, since the task snapshots are different.
[2026-04-23T02:53:33.663] [DEBUG] debug-file - Incremental task entry:default@PreBuild pre-execution cost: 2 ms .
[2026-04-23T02:53:33.664] [WARN] debug-file - The version number of the 'entry' module does not comply with the SemVer specification.
               This will affect the installation and publication by ohpm.
               Make sure the value of version in the oh-package.json5 file of the module complies with the SemVer specification.
[2026-04-23T02:53:33.704] [DEBUG] debug-file - current product is not Atomic service.
[2026-04-23T02:53:33.705] [DEBUG] debug-file - Use tool [darwin: JAVA_HOME, CLASSPATH]
 [
  {
    JAVA_HOME: '/Applications/DevEco-Studio.app/Contents/jbr/Contents/Home'
  },
  { CLASSPATH: undefined }
]
[2026-04-23T02:53:33.705] [DEBUG] debug-file - Use tool [darwin: NODE_HOME]
 [
  {
    NODE_HOME: '/Applications/DevEco-Studio.app/Contents/tools/node/bin'
  }
]
[2026-04-23T02:53:33.705] [DEBUG] debug-file - entry : default@PreBuild cost memory 1.1681747436523438
[2026-04-23T02:53:33.705] [DEBUG] debug-file - runTaskFromQueue task cost before running: 355 ms 
[2026-04-23T02:53:33.706] [INFO] debug-file - Finished :entry:default@PreBuild... after 45 ms 
[2026-04-23T02:53:33.706] [DEBUG] debug-file - Executing task :entry:default@CreateModuleInfo
[2026-04-23T02:53:33.706] [DEBUG] debug-file - Task 'entry:default@CreateModuleInfo' cost while wrapping incremental declarations: 1 ms 
[2026-04-23T02:53:33.706] [DEBUG] debug-file - entry : default@CreateModuleInfo cost memory 0.03762054443359375
[2026-04-23T02:53:33.706] [DEBUG] debug-file - runTaskFromQueue task cost before running: 356 ms 
[2026-04-23T02:53:33.706] [INFO] debug-file - Finished :entry:default@CreateModuleInfo... after 1 ms 
[2026-04-23T02:53:33.707] [DEBUG] debug-file - Executing task :entry:default@MergeProfile
[2026-04-23T02:53:33.707] [DEBUG] debug-file - Task 'entry:default@MergeProfile' cost while wrapping incremental declarations: 1 ms 
[2026-04-23T02:53:33.707] [DEBUG] debug-file - entry:default@MergeProfile is not up-to-date, since the task snapshots are different.
[2026-04-23T02:53:33.707] [DEBUG] debug-file - Incremental task entry:default@MergeProfile pre-execution cost: 1 ms .
[2026-04-23T02:53:33.707] [DEBUG] debug-file - Change app api release type with 'Release'
[2026-04-23T02:53:33.707] [DEBUG] debug-file - Change app compile API version with '6.1.0.105'
[2026-04-23T02:53:33.707] [DEBUG] debug-file - Change app target API version with '50000012'
[2026-04-23T02:53:33.707] [DEBUG] debug-file - Change app minimum API version with '50000012'
[2026-04-23T02:53:33.708] [DEBUG] debug-file - Use cli appEnvironment
[2026-04-23T02:53:33.710] [DEBUG] debug-file - entry : default@MergeProfile cost memory 0.2510528564453125
[2026-04-23T02:53:33.710] [DEBUG] debug-file - runTaskFromQueue task cost before running: 359 ms 
[2026-04-23T02:53:33.711] [INFO] debug-file - Finished :entry:default@MergeProfile... after 4 ms 
[2026-04-23T02:53:33.714] [DEBUG] debug-file - Executing task :entry:default@CreateBuildProfile
[2026-04-23T02:53:33.714] [DEBUG] debug-file - Task 'entry:default@CreateBuildProfile' cost while wrapping incremental declarations: 1 ms 
[2026-04-23T02:53:33.717] [DEBUG] debug-file - entry:default@CreateBuildProfile is not up-to-date, since the task snapshots are different.
[2026-04-23T02:53:33.717] [DEBUG] debug-file - Incremental task entry:default@CreateBuildProfile pre-execution cost: 4 ms .
[2026-04-23T02:53:33.718] [DEBUG] debug-file - entry : default@CreateBuildProfile cost memory 0.110931396484375
[2026-04-23T02:53:33.718] [DEBUG] debug-file - runTaskFromQueue task cost before running: 367 ms 
[2026-04-23T02:53:33.718] [INFO] debug-file - Finished :entry:default@CreateBuildProfile... after 5 ms 
[2026-04-23T02:53:33.719] [DEBUG] debug-file - Executing task :entry:default@PreCheckSyscap
[2026-04-23T02:53:33.719] [DEBUG] debug-file - entry : default@PreCheckSyscap cost memory 0.01401519775390625
[2026-04-23T02:53:33.719] [DEBUG] debug-file - runTaskFromQueue task cost before running: 368 ms 
[2026-04-23T02:53:33.719] [INFO] debug-file - Finished :entry:default@PreCheckSyscap... after 1 ms 
[2026-04-23T02:53:33.720] [DEBUG] debug-file - Executing task :entry:default@GeneratePkgContextInfo
[2026-04-23T02:53:33.721] [DEBUG] debug-file - Task 'entry:default@GeneratePkgContextInfo' cost while wrapping incremental declarations: 1 ms 
[2026-04-23T02:53:33.721] [DEBUG] debug-file - entry : default@GeneratePkgContextInfo cost memory 0.197784423828125
[2026-04-23T02:53:33.721] [DEBUG] debug-file - runTaskFromQueue task cost before running: 371 ms 
[2026-04-23T02:53:33.721] [INFO] debug-file - Finished :entry:default@GeneratePkgContextInfo... after 2 ms 
[2026-04-23T02:53:33.725] [DEBUG] debug-file - Executing task :entry:default@ProcessProfile
[2026-04-23T02:53:33.725] [DEBUG] debug-file - Task 'entry:default@ProcessProfile' cost while wrapping incremental declarations: 1 ms 
[2026-04-23T02:53:33.725] [DEBUG] debug-file - entry:default@ProcessProfile is not up-to-date, since the input file '/Users/muniao/Downloads/Pink_House/harmony_next/entry/.preview/default/intermediates/merge_profile/default/module.json' has been changed.
[2026-04-23T02:53:33.725] [DEBUG] debug-file - Incremental task entry:default@ProcessProfile pre-execution cost: 1 ms .
[2026-04-23T02:53:33.727] [DEBUG] debug-file - [
  '/Applications/DevEco-Studio.app/Contents/tools/node/bin/node',
  '/Applications/DevEco-Studio.app/Contents/sdk/default/openharmony/ets/build-tools/ets-loader/bin/ark/ts2abc.js',
  '--target-api-version',
  '12',
  '--target-api-sub-version',
  'beta1'
]
[2026-04-23T02:53:33.962] [DEBUG] debug-file - 12.0.2.0
[2026-04-23T02:53:33.962] [DEBUG] debug-file - No need to add fake ui ability because of abilityPath does not exist.
[2026-04-23T02:53:33.963] [DEBUG] debug-file - entry : default@ProcessProfile cost memory 0.29180908203125
[2026-04-23T02:53:33.963] [DEBUG] debug-file - runTaskFromQueue task cost before running: 612 ms 
[2026-04-23T02:53:33.963] [INFO] debug-file - Finished :entry:default@ProcessProfile... after 239 ms 
[2026-04-23T02:53:33.964] [DEBUG] debug-file - Executing task :entry:default@ProcessRouterMap
[2026-04-23T02:53:33.964] [DEBUG] debug-file - entry:default@ProcessRouterMap is not up-to-date, since the task snapshots are different.
[2026-04-23T02:53:33.964] [DEBUG] debug-file - Incremental task entry:default@ProcessRouterMap pre-execution cost: 1 ms .
[2026-04-23T02:53:33.967] [DEBUG] debug-file - entry : default@ProcessRouterMap cost memory 0.11151885986328125
[2026-04-23T02:53:33.967] [DEBUG] debug-file - runTaskFromQueue task cost before running: 616 ms 
[2026-04-23T02:53:33.967] [INFO] debug-file - Finished :entry:default@ProcessRouterMap... after 4 ms 
[2026-04-23T02:53:33.968] [DEBUG] debug-file - Executing task :entry:default@ProcessShareConfig
[2026-04-23T02:53:33.969] [DEBUG] debug-file - entry:default@ProcessShareConfig is not up-to-date, since the task snapshots are different.
[2026-04-23T02:53:33.969] [DEBUG] debug-file - Incremental task entry:default@ProcessShareConfig pre-execution cost: 1 ms .
[2026-04-23T02:53:33.970] [DEBUG] debug-file - entry : default@ProcessShareConfig cost memory 0.094268798828125
[2026-04-23T02:53:33.970] [DEBUG] debug-file - runTaskFromQueue task cost before running: 619 ms 
[2026-04-23T02:53:33.970] [INFO] debug-file - Finished :entry:default@ProcessShareConfig... after 2 ms 
[2026-04-23T02:53:33.972] [DEBUG] debug-file - Executing task :entry:default@ProcessStartupConfig
[2026-04-23T02:53:33.972] [DEBUG] debug-file - Task 'entry:default@ProcessStartupConfig' cost while wrapping incremental declarations: 1 ms 
[2026-04-23T02:53:33.972] [DEBUG] debug-file - entry:default@ProcessStartupConfig is not up-to-date, since the output file '/Users/muniao/Downloads/Pink_House/harmony_next/entry/.preview/default/intermediates/startup/default/startup_config.json' does not exist.
[2026-04-23T02:53:33.972] [DEBUG] debug-file - Incremental task entry:default@ProcessStartupConfig pre-execution cost: 1 ms .
[2026-04-23T02:53:33.972] [DEBUG] debug-file - entry : default@ProcessStartupConfig cost memory 0.0765380859375
[2026-04-23T02:53:33.972] [DEBUG] debug-file - runTaskFromQueue task cost before running: 622 ms 
[2026-04-23T02:53:33.973] [INFO] debug-file - Finished :entry:default@ProcessStartupConfig... after 1 ms 
[2026-04-23T02:53:33.973] [DEBUG] debug-file - restool module names: entry; moduleName=entry, taskName=default@PreviewProcessResource
[2026-04-23T02:53:33.975] [DEBUG] debug-file - Executing task :entry:default@PreviewProcessResource
[2026-04-23T02:53:33.975] [DEBUG] debug-file - Task 'entry:default@PreviewProcessResource' cost while wrapping incremental declarations: 1 ms 
[2026-04-23T02:53:33.975] [DEBUG] debug-file - entry : default@PreviewProcessResource cost memory 0.0650634765625
[2026-04-23T02:53:33.975] [DEBUG] debug-file - runTaskFromQueue task cost before running: 625 ms 
[2026-04-23T02:53:33.976] [INFO] debug-file - Finished :entry:default@PreviewProcessResource... after 2 ms 
[2026-04-23T02:53:33.976] [DEBUG] debug-file - Executing task :entry:default@GenerateLoaderJson
[2026-04-23T02:53:33.976] [DEBUG] debug-file - Task 'entry:default@GenerateLoaderJson' cost while wrapping incremental declarations: 1 ms 
[2026-04-23T02:53:33.979] [DEBUG] debug-file - entry:default@GenerateLoaderJson is not up-to-date, since the input file '/Users/muniao/Downloads/Pink_House/harmony_next/entry/.preview/default/intermediates/router_map/default/temp-router-map.json' has been changed.
[2026-04-23T02:53:33.979] [DEBUG] debug-file - Incremental task entry:default@GenerateLoaderJson pre-execution cost: 1 ms .
[2026-04-23T02:53:33.986] [DEBUG] debug-file - entry : default@GenerateLoaderJson cost memory 0.7449493408203125
[2026-04-23T02:53:33.986] [DEBUG] debug-file - runTaskFromQueue task cost before running: 635 ms 
[2026-04-23T02:53:33.987] [INFO] debug-file - Finished :entry:default@GenerateLoaderJson... after 10 ms 
[2026-04-23T02:53:33.987] [DEBUG] debug-file - restool module names: entry; moduleName=entry, taskName=default@PreviewCompileResource
[2026-04-23T02:53:33.988] [DEBUG] debug-file - Executing task :entry:default@PreviewCompileResource
[2026-04-23T02:53:33.990] [DEBUG] debug-file - entry:default@PreviewCompileResource is not up-to-date, since the input file '/Users/muniao/Downloads/Pink_House/harmony_next/entry/.preview/default/intermediates/merge_profile/default/module.json' has been changed.
[2026-04-23T02:53:33.990] [DEBUG] debug-file - Incremental task entry:default@PreviewCompileResource pre-execution cost: 2 ms .
[2026-04-23T02:53:34.098] [DEBUG] debug-file - Use tool [/Applications/DevEco-Studio.app/Contents/sdk/default/openharmony/toolchains/restool]
 [
  '/Applications/DevEco-Studio.app/Contents/sdk/default/openharmony/toolchains/restool',
  '-x',
  '/Users/muniao/Downloads/Pink_House/harmony_next/AppScope/resources',
  '-o',
  '/Users/muniao/Downloads/Pink_House/harmony_next/entry/.preview/default/intermediates/res/default/app_compiled'
]
[2026-04-23T02:53:34.099] [DEBUG] debug-file - current process  memoryUsage: {
  rss: 159481856,
  heapTotal: 155254784,
  heapUsed: 117962064,
  external: 3001913,
  arrayBuffers: 114379
} os memoryUsage :17.769149780273438
[2026-04-23T02:53:34.161] [DEBUG] debug-file - Info: restool resources compile success.

[2026-04-23T02:53:34.162] [DEBUG] debug-file - Use tool [/Applications/DevEco-Studio.app/Contents/sdk/default/openharmony/toolchains/restool]
 [
  '/Applications/DevEco-Studio.app/Contents/sdk/default/openharmony/toolchains/restool',
  '-x',
  '/Users/muniao/Downloads/Pink_House/harmony_next/entry/src/main/resources',
  '-o',
  '/Users/muniao/Downloads/Pink_House/harmony_next/entry/.preview/default/intermediates/res/default/module_compiled'
]
[2026-04-23T02:53:34.162] [DEBUG] debug-file - current process  memoryUsage: {
  rss: 159596544,
  heapTotal: 155254784,
  heapUsed: 118066128,
  external: 3001961,
  arrayBuffers: 69865
} os memoryUsage :17.761337280273438
[2026-04-23T02:53:34.203] [DEBUG] debug-file - Info: file '.gitkeep' is ignored by default filename pattern '\..+'.

[2026-04-23T02:53:34.209] [DEBUG] debug-file - Info: restool resources compile success.

[2026-04-23T02:53:34.210] [DEBUG] debug-file - Use tool [/Applications/DevEco-Studio.app/Contents/sdk/default/openharmony/toolchains/restool]
 [
  '/Applications/DevEco-Studio.app/Contents/sdk/default/openharmony/toolchains/restool',
  '-m',
  'entry',
  '-f',
  '-j',
  '/Users/muniao/Downloads/Pink_House/harmony_next/entry/.preview/default/intermediates/process_profile/default/module.json',
  '-p',
  'c***y',
  '-r',
  '/Users/muniao/Downloads/Pink_House/harmony_next/entry/.preview/default/generated/r/default/ResourceTable.h',
  '-z',
  '--ids',
  '/Users/muniao/Downloads/Pink_House/harmony_next/entry/.preview/default/intermediates/res/default/ids_map',
  '--defined-ids',
  '/Users/muniao/Downloads/Pink_House/harmony_next/entry/.preview/default/intermediates/res/default/ids_map/id_defined.json',
  '-i',
  '/Users/muniao/Downloads/Pink_House/harmony_next/entry/.preview/default/intermediates/res/default/app_compiled',
  '-i',
  '/Users/muniao/Downloads/Pink_House/harmony_next/entry/.preview/default/intermediates/res/default/module_compiled',
  '-o',
  '/Users/muniao/Downloads/Pink_House/harmony_next/entry/.preview/default/intermediates/res/default',
  '--defined-sysids',
  '/Applications/DevEco-Studio.app/Contents/sdk/default/hms/toolchains/id_defined.json'
]
[2026-04-23T02:53:34.210] [DEBUG] debug-file - current process  memoryUsage: {
  rss: 159612928,
  heapTotal: 155254784,
  heapUsed: 118243936,
  external: 3002085,
  arrayBuffers: 69989
} os memoryUsage :17.76251220703125
[2026-04-23T02:53:34.267] [DEBUG] debug-file - Info: hardware concurrency count is : 11
Info: thread count is : 11

[2026-04-23T02:53:34.267] [DEBUG] debug-file - Info: thread pool is started

[2026-04-23T02:53:34.270] [DEBUG] debug-file - Info: restool resources compile success.

[2026-04-23T02:53:34.270] [DEBUG] debug-file - Info: thread pool is stopped

[2026-04-23T02:53:34.273] [DEBUG] debug-file - entry : default@PreviewCompileResource cost memory -22.156661987304688
[2026-04-23T02:53:34.274] [DEBUG] debug-file - runTaskFromQueue task cost before running: 923 ms 
[2026-04-23T02:53:34.274] [INFO] debug-file - Finished :entry:default@PreviewCompileResource... after 286 ms 
[2026-04-23T02:53:34.274] [DEBUG] debug-file - Executing task :entry:default@PreviewHookCompileResource
[2026-04-23T02:53:34.274] [DEBUG] debug-file - entry : default@PreviewHookCompileResource cost memory 0.01403045654296875
[2026-04-23T02:53:34.274] [DEBUG] debug-file - runTaskFromQueue task cost before running: 923 ms 
[2026-04-23T02:53:34.274] [INFO] debug-file - Finished :entry:default@PreviewHookCompileResource... after 1 ms 
[2026-04-23T02:53:34.275] [DEBUG] debug-file - Executing task :entry:default@CopyPreviewProfile
[2026-04-23T02:53:34.275] [DEBUG] debug-file - entry:default@CopyPreviewProfile is not up-to-date, since the output file '/Users/muniao/Downloads/Pink_House/harmony_next/entry/.preview/default/intermediates/res/default/resources/base/profile' does not exist.
[2026-04-23T02:53:34.275] [DEBUG] debug-file - Incremental task entry:default@CopyPreviewProfile pre-execution cost: 1 ms .
[2026-04-23T02:53:34.277] [DEBUG] debug-file - entry : default@CopyPreviewProfile cost memory 0.13349151611328125
[2026-04-23T02:53:34.277] [DEBUG] debug-file - runTaskFromQueue task cost before running: 926 ms 
[2026-04-23T02:53:34.277] [INFO] debug-file - Finished :entry:default@CopyPreviewProfile... after 3 ms 
[2026-04-23T02:53:34.278] [DEBUG] debug-file - Executing task :entry:default@ReplacePreviewerPage
[2026-04-23T02:53:34.278] [DEBUG] debug-file - entry : default@ReplacePreviewerPage cost memory 0.0139923095703125
[2026-04-23T02:53:34.278] [DEBUG] debug-file - runTaskFromQueue task cost before running: 927 ms 
[2026-04-23T02:53:34.279] [INFO] debug-file - Finished :entry:default@ReplacePreviewerPage... after 1 ms 
[2026-04-23T02:53:34.279] [DEBUG] debug-file - Executing task :entry:buildPreviewerResource
[2026-04-23T02:53:34.279] [DEBUG] debug-file - entry : buildPreviewerResource cost memory 0.01200103759765625
[2026-04-23T02:53:34.279] [DEBUG] debug-file - runTaskFromQueue task cost before running: 928 ms 
[2026-04-23T02:53:34.279] [INFO] debug-file - Finished :entry:buildPreviewerResource... after 1 ms 
[2026-04-23T02:53:34.280] [DEBUG] debug-file - Executing task :entry:default@PreviewUpdateAssets
[2026-04-23T02:53:34.281] [DEBUG] debug-file - entry:default@PreviewUpdateAssets is not up-to-date, since the output file '/Users/muniao/Downloads/Pink_House/harmony_next/entry/.preview/default/intermediates/res/default/module.json' has been changed.
[2026-04-23T02:53:34.281] [DEBUG] debug-file - Incremental task entry:default@PreviewUpdateAssets pre-execution cost: 1 ms .
[2026-04-23T02:53:34.281] [DEBUG] debug-file - entry : default@PreviewUpdateAssets cost memory 0.08162689208984375
[2026-04-23T02:53:34.281] [DEBUG] debug-file - runTaskFromQueue task cost before running: 931 ms 
[2026-04-23T02:53:34.282] [INFO] debug-file - Finished :entry:default@PreviewUpdateAssets... after 2 ms 
[2026-04-23T02:53:34.282] [DEBUG] debug-file - Executing task :entry:default@PreviewArkTS
[2026-04-23T02:53:34.283] [DEBUG] debug-file - obfuscationOptions: undefined
[2026-04-23T02:53:34.283] [DEBUG] debug-file - Task 'entry:default@PreviewArkTS' cost while wrapping incremental declarations: 1 ms 
[2026-04-23T02:53:34.284] [DEBUG] debug-file - entry:default@PreviewArkTS is not up-to-date, since the input file '/Users/muniao/Downloads/Pink_House/harmony_next/entry/.preview/default/intermediates/loader/default' has been changed.
[2026-04-23T02:53:34.284] [DEBUG] debug-file - Incremental task entry:default@PreviewArkTS pre-execution cost: 1 ms .
[2026-04-23T02:53:34.286] [DEBUG] debug-file - No watchWorker available for preview
[2026-04-23T02:53:34.286] [DEBUG] debug-file - Can not reuse worker, create new worker for preview
[2026-04-23T02:53:34.288] [DEBUG] debug-file - session manager: binding session. socketId=n6sDji4mPtpNlGqTAAAX, threadId=1@4.
[2026-04-23T02:53:34.289] [DEBUG] debug-file - entry : default@PreviewArkTS cost memory 1.0317840576171875
[2026-04-23T02:53:35.747] [DEBUG] debug-file - watch worker: send response to session manager. Response type: WatchStart
[2026-04-23T02:53:35.747] [DEBUG] debug-file - session manager: watch message received from worker 1. Type: WatchStart
[2026-04-23T02:53:37.548] [DEBUG] debug-file - watch worker: send response to session manager. Response type: WatchLog
[2026-04-23T02:53:37.549] [DEBUG] debug-file - session manager: watch message received from worker 1. Type: WatchLog
[2026-04-23T02:53:37.548] [DEBUG] debug-file - watch worker: send response to session manager. Response type: WatchLog
[2026-04-23T02:53:37.549] [DEBUG] debug-file - session manager: watch message received from worker 1. Type: WatchLog
[2026-04-23T02:53:37.548] [DEBUG] debug-file - watch worker: send response to session manager. Response type: WatchLog
[2026-04-23T02:53:37.549] [DEBUG] debug-file - session manager: watch message received from worker 1. Type: WatchLog
[2026-04-23T02:53:37.548] [DEBUG] debug-file - watch worker: send response to session manager. Response type: WatchLog
[2026-04-23T02:53:37.549] [DEBUG] debug-file - session manager: watch message received from worker 1. Type: WatchLog
[2026-04-23T02:53:37.548] [DEBUG] debug-file - watch worker: send response to session manager. Response type: WatchLog
[2026-04-23T02:53:37.550] [DEBUG] debug-file - session manager: watch message received from worker 1. Type: WatchLog
[2026-04-23T02:53:37.549] [DEBUG] debug-file - watch worker: send response to session manager. Response type: WatchLog
[2026-04-23T02:53:37.550] [DEBUG] debug-file - session manager: watch message received from worker 1. Type: WatchLog
[2026-04-23T02:53:37.549] [DEBUG] debug-file - watch worker: send response to session manager. Response type: WatchLog
[2026-04-23T02:53:37.550] [DEBUG] debug-file - session manager: watch message received from worker 1. Type: WatchLog
[2026-04-23T02:53:37.549] [DEBUG] debug-file - watch worker: send response to session manager. Response type: WatchLog
[2026-04-23T02:53:37.550] [DEBUG] debug-file - session manager: watch message received from worker 1. Type: WatchLog
[2026-04-23T02:53:37.549] [DEBUG] debug-file - watch worker: send response to session manager. Response type: WatchLog
[2026-04-23T02:53:37.550] [DEBUG] debug-file - session manager: watch message received from worker 1. Type: WatchLog
[2026-04-23T02:53:37.550] [DEBUG] debug-file - watch worker: send response to session manager. Response type: WatchLog
[2026-04-23T02:53:37.550] [DEBUG] debug-file - session manager: watch message received from worker 1. Type: WatchLog
[2026-04-23T02:53:37.550] [DEBUG] debug-file - watch worker: send response to session manager. Response type: WatchLog
[2026-04-23T02:53:37.550] [DEBUG] debug-file - session manager: watch message received from worker 1. Type: WatchLog
[2026-04-23T02:53:37.550] [DEBUG] debug-file - watch worker: send response to session manager. Response type: WatchLog
[2026-04-23T02:53:37.550] [DEBUG] debug-file - session manager: watch message received from worker 1. Type: WatchLog
[2026-04-23T02:53:37.550] [DEBUG] debug-file - watch worker: send response to session manager. Response type: WatchLog
[2026-04-23T02:53:37.551] [DEBUG] debug-file - session manager: watch message received from worker 1. Type: WatchLog
[2026-04-23T02:53:37.550] [DEBUG] debug-file - watch worker: send response to session manager. Response type: WatchLog
[2026-04-23T02:53:37.551] [DEBUG] debug-file - session manager: watch message received from worker 1. Type: WatchLog
[2026-04-23T02:53:37.550] [DEBUG] debug-file - watch worker: send response to session manager. Response type: WatchLog
[2026-04-23T02:53:37.551] [DEBUG] debug-file - session manager: watch message received from worker 1. Type: WatchLog
[2026-04-23T02:53:37.550] [DEBUG] debug-file - watch worker: send response to session manager. Response type: WatchLog
[2026-04-23T02:53:37.551] [DEBUG] debug-file - session manager: watch message received from worker 1. Type: WatchLog
[2026-04-23T02:53:37.550] [DEBUG] debug-file - watch worker: send response to session manager. Response type: WatchLog
[2026-04-23T02:53:37.556] [DEBUG] debug-file - session manager: watch message received from worker 1. Type: WatchLog
[2026-04-23T02:53:37.550] [DEBUG] debug-file - watch worker: send response to session manager. Response type: WatchLog
[2026-04-23T02:53:37.556] [DEBUG] debug-file - session manager: watch message received from worker 1. Type: WatchLog
[2026-04-23T02:53:37.550] [DEBUG] debug-file - watch worker: send response to session manager. Response type: WatchLog
[2026-04-23T02:53:37.556] [DEBUG] debug-file - session manager: watch message received from worker 1. Type: WatchLog
[2026-04-23T02:53:37.550] [DEBUG] debug-file - watch worker: send response to session manager. Response type: WatchLog
[2026-04-23T02:53:37.556] [DEBUG] debug-file - session manager: watch message received from worker 1. Type: WatchLog
[2026-04-23T02:53:37.550] [DEBUG] debug-file - watch worker: send response to session manager. Response type: WatchLog
[2026-04-23T02:53:37.557] [DEBUG] debug-file - session manager: watch message received from worker 1. Type: WatchLog
[2026-04-23T02:53:37.551] [DEBUG] debug-file - watch worker: send response to session manager. Response type: WatchLog
[2026-04-23T02:53:37.557] [DEBUG] debug-file - session manager: watch message received from worker 1. Type: WatchLog
[2026-04-23T02:53:37.551] [DEBUG] debug-file - watch worker: send response to session manager. Response type: WatchLog
[2026-04-23T02:53:37.559] [DEBUG] debug-file - session manager: watch message received from worker 1. Type: WatchLog
[2026-04-23T02:53:37.551] [DEBUG] debug-file - watch worker: send response to session manager. Response type: WatchLog
[2026-04-23T02:53:37.559] [DEBUG] debug-file - session manager: watch message received from worker 1. Type: WatchLog
[2026-04-23T02:53:37.551] [DEBUG] debug-file - watch worker: send response to session manager. Response type: WatchLog
[2026-04-23T02:53:37.559] [DEBUG] debug-file - session manager: watch message received from worker 1. Type: WatchLog
[2026-04-23T02:53:37.551] [DEBUG] debug-file - watch worker: send response to session manager. Response type: WatchLog
[2026-04-23T02:53:37.559] [DEBUG] debug-file - session manager: watch message received from worker 1. Type: WatchLog
[2026-04-23T02:53:37.551] [DEBUG] debug-file - watch worker: send response to session manager. Response type: WatchLog
[2026-04-23T02:53:37.559] [DEBUG] debug-file - session manager: watch message received from worker 1. Type: WatchLog
[2026-04-23T02:53:37.551] [DEBUG] debug-file - watch worker: send response to session manager. Response type: WatchLog
[2026-04-23T02:53:37.560] [DEBUG] debug-file - session manager: watch message received from worker 1. Type: WatchLog
[2026-04-23T02:53:37.551] [DEBUG] debug-file - watch worker: send response to session manager. Response type: WatchLog
[2026-04-23T02:53:37.560] [DEBUG] debug-file - session manager: watch message received from worker 1. Type: WatchLog
[2026-04-23T02:53:37.551] [DEBUG] debug-file - watch worker: send response to session manager. Response type: WatchLog
[2026-04-23T02:53:37.561] [DEBUG] debug-file - session manager: watch message received from worker 1. Type: WatchLog
[2026-04-23T02:53:37.551] [DEBUG] debug-file - watch worker: send response to session manager. Response type: WatchLog
[2026-04-23T02:53:37.561] [DEBUG] debug-file - session manager: watch message received from worker 1. Type: WatchLog
[2026-04-23T02:53:37.551] [DEBUG] debug-file - watch worker: send response to session manager. Response type: WatchLog
[2026-04-23T02:53:37.562] [DEBUG] debug-file - session manager: watch message received from worker 1. Type: WatchLog
[2026-04-23T02:53:37.551] [DEBUG] debug-file - watch worker: send response to session manager. Response type: WatchLog
[2026-04-23T02:53:37.562] [DEBUG] debug-file - session manager: watch message received from worker 1. Type: WatchLog
[2026-04-23T02:53:37.551] [DEBUG] debug-file - watch worker: send response to session manager. Response type: WatchLog
[2026-04-23T02:53:37.562] [DEBUG] debug-file - session manager: watch message received from worker 1. Type: WatchLog
[2026-04-23T02:53:37.551] [DEBUG] debug-file - watch worker: send response to session manager. Response type: WatchLog
[2026-04-23T02:53:37.562] [DEBUG] debug-file - session manager: watch message received from worker 1. Type: WatchLog
[2026-04-23T02:53:37.551] [DEBUG] debug-file - watch worker: send response to session manager. Response type: WatchLog
[2026-04-23T02:53:37.562] [DEBUG] debug-file - session manager: watch message received from worker 1. Type: WatchLog
[2026-04-23T02:53:37.551] [DEBUG] debug-file - watch worker: send response to session manager. Response type: WatchLog
[2026-04-23T02:53:37.562] [DEBUG] debug-file - session manager: watch message received from worker 1. Type: WatchLog
[2026-04-23T02:53:37.551] [DEBUG] debug-file - watch worker: send response to session manager. Response type: WatchLog
[2026-04-23T02:53:37.563] [DEBUG] debug-file - session manager: watch message received from worker 1. Type: WatchLog
[2026-04-23T02:53:37.551] [DEBUG] debug-file - watch worker: send response to session manager. Response type: WatchLog
[2026-04-23T02:53:37.563] [DEBUG] debug-file - session manager: watch message received from worker 1. Type: WatchLog
[2026-04-23T02:53:37.551] [DEBUG] debug-file - watch worker: send response to session manager. Response type: WatchLog
[2026-04-23T02:53:37.563] [DEBUG] debug-file - session manager: watch message received from worker 1. Type: WatchLog
[2026-04-23T02:53:37.551] [DEBUG] debug-file - watch worker: send response to session manager. Response type: WatchLog
[2026-04-23T02:53:37.563] [DEBUG] debug-file - session manager: watch message received from worker 1. Type: WatchLog
[2026-04-23T02:53:37.552] [DEBUG] debug-file - watch worker: send response to session manager. Response type: WatchLog
[2026-04-23T02:53:37.564] [DEBUG] debug-file - session manager: watch message received from worker 1. Type: WatchLog
[2026-04-23T02:53:37.552] [DEBUG] debug-file - watch worker: send response to session manager. Response type: WatchLog
[2026-04-23T02:53:37.564] [DEBUG] debug-file - session manager: watch message received from worker 1. Type: WatchLog
[2026-04-23T02:53:37.552] [DEBUG] debug-file - watch worker: send response to session manager. Response type: WatchLog
[2026-04-23T02:53:37.564] [DEBUG] debug-file - session manager: watch message received from worker 1. Type: WatchLog
[2026-04-23T02:53:37.552] [DEBUG] debug-file - watch worker: send response to session manager. Response type: WatchLog
[2026-04-23T02:53:37.564] [DEBUG] debug-file - session manager: watch message received from worker 1. Type: WatchLog
[2026-04-23T02:53:37.552] [DEBUG] debug-file - watch worker: send response to session manager. Response type: WatchLog
[2026-04-23T02:53:37.564] [DEBUG] debug-file - session manager: watch message received from worker 1. Type: WatchLog
[2026-04-23T02:53:37.552] [DEBUG] debug-file - watch worker: send response to session manager. Response type: WatchLog
[2026-04-23T02:53:37.565] [DEBUG] debug-file - session manager: watch message received from worker 1. Type: WatchLog
[2026-04-23T02:53:37.552] [DEBUG] debug-file - watch worker: send response to session manager. Response type: WatchLog
[2026-04-23T02:53:37.565] [DEBUG] debug-file - session manager: watch message received from worker 1. Type: WatchLog
[2026-04-23T02:53:37.552] [DEBUG] debug-file - watch worker: send response to session manager. Response type: WatchLog
[2026-04-23T02:53:37.566] [DEBUG] debug-file - session manager: watch message received from worker 1. Type: WatchLog
[2026-04-23T02:53:37.552] [DEBUG] debug-file - watch worker: send response to session manager. Response type: WatchLog
[2026-04-23T02:53:37.566] [DEBUG] debug-file - session manager: watch message received from worker 1. Type: WatchLog
[2026-04-23T02:53:37.552] [DEBUG] debug-file - watch worker: send response to session manager. Response type: WatchLog
[2026-04-23T02:53:37.566] [DEBUG] debug-file - session manager: watch message received from worker 1. Type: WatchLog
[2026-04-23T02:53:37.552] [DEBUG] debug-file - watch worker: send response to session manager. Response type: WatchLog
[2026-04-23T02:53:37.567] [DEBUG] debug-file - session manager: watch message received from worker 1. Type: WatchLog
[2026-04-23T02:53:37.552] [DEBUG] debug-file - watch worker: send response to session manager. Response type: WatchLog
[2026-04-23T02:53:37.567] [DEBUG] debug-file - session manager: watch message received from worker 1. Type: WatchLog
[2026-04-23T02:53:37.552] [DEBUG] debug-file - watch worker: send response to session manager. Response type: WatchLog
[2026-04-23T02:53:37.567] [DEBUG] debug-file - session manager: watch message received from worker 1. Type: WatchLog
[2026-04-23T02:53:37.552] [DEBUG] debug-file - watch worker: send response to session manager. Response type: WatchLog
[2026-04-23T02:53:37.568] [DEBUG] debug-file - session manager: watch message received from worker 1. Type: WatchLog
[2026-04-23T02:53:37.552] [DEBUG] debug-file - watch worker: send response to session manager. Response type: WatchLog
[2026-04-23T02:53:37.568] [DEBUG] debug-file - session manager: watch message received from worker 1. Type: WatchLog
[2026-04-23T02:53:37.552] [DEBUG] debug-file - watch worker: send response to session manager. Response type: WatchLog
[2026-04-23T02:53:37.568] [DEBUG] debug-file - session manager: watch message received from worker 1. Type: WatchLog
[2026-04-23T02:53:37.552] [DEBUG] debug-file - watch worker: send response to session manager. Response type: WatchLog
[2026-04-23T02:53:37.568] [DEBUG] debug-file - session manager: watch message received from worker 1. Type: WatchLog
[2026-04-23T02:53:37.552] [DEBUG] debug-file - watch worker: send response to session manager. Response type: WatchLog
[2026-04-23T02:53:37.569] [DEBUG] debug-file - session manager: watch message received from worker 1. Type: WatchLog
[2026-04-23T02:53:37.552] [DEBUG] debug-file - watch worker: send response to session manager. Response type: WatchLog
[2026-04-23T02:53:37.569] [DEBUG] debug-file - session manager: watch message received from worker 1. Type: WatchLog
[2026-04-23T02:53:37.552] [DEBUG] debug-file - watch worker: send response to session manager. Response type: WatchLog
[2026-04-23T02:53:37.569] [DEBUG] debug-file - session manager: watch message received from worker 1. Type: WatchLog
[2026-04-23T02:53:37.552] [DEBUG] debug-file - watch worker: send response to session manager. Response type: WatchLog
[2026-04-23T02:53:37.569] [DEBUG] debug-file - session manager: watch message received from worker 1. Type: WatchLog
[2026-04-23T02:53:37.552] [DEBUG] debug-file - watch worker: send response to session manager. Response type: WatchLog
[2026-04-23T02:53:37.569] [DEBUG] debug-file - session manager: watch message received from worker 1. Type: WatchLog
[2026-04-23T02:53:37.552] [DEBUG] debug-file - watch worker: send response to session manager. Response type: WatchLog
[2026-04-23T02:53:37.569] [DEBUG] debug-file - session manager: watch message received from worker 1. Type: WatchLog
[2026-04-23T02:53:37.552] [DEBUG] debug-file - watch worker: send response to session manager. Response type: WatchLog
[2026-04-23T02:53:37.569] [DEBUG] debug-file - session manager: watch message received from worker 1. Type: WatchLog
[2026-04-23T02:53:37.552] [DEBUG] debug-file - watch worker: send response to session manager. Response type: WatchLog
[2026-04-23T02:53:37.569] [DEBUG] debug-file - session manager: watch message received from worker 1. Type: WatchLog
[2026-04-23T02:53:37.552] [DEBUG] debug-file - watch worker: send response to session manager. Response type: WatchLog
[2026-04-23T02:53:37.569] [DEBUG] debug-file - session manager: watch message received from worker 1. Type: WatchLog
[2026-04-23T02:53:37.552] [DEBUG] debug-file - watch worker: send response to session manager. Response type: WatchLog
[2026-04-23T02:53:37.570] [DEBUG] debug-file - session manager: watch message received from worker 1. Type: WatchLog
[2026-04-23T02:53:37.552] [DEBUG] debug-file - watch worker: send response to session manager. Response type: WatchLog
[2026-04-23T02:53:37.570] [DEBUG] debug-file - session manager: watch message received from worker 1. Type: WatchLog
[2026-04-23T02:53:37.552] [DEBUG] debug-file - watch worker: send response to session manager. Response type: WatchLog
[2026-04-23T02:53:37.570] [DEBUG] debug-file - session manager: watch message received from worker 1. Type: WatchLog
[2026-04-23T02:53:37.553] [DEBUG] debug-file - watch worker: send response to session manager. Response type: WatchLog
[2026-04-23T02:53:37.570] [DEBUG] debug-file - session manager: watch message received from worker 1. Type: WatchLog
[2026-04-23T02:53:37.553] [DEBUG] debug-file - watch worker: send response to session manager. Response type: WatchLog
[2026-04-23T02:53:37.570] [DEBUG] debug-file - session manager: watch message received from worker 1. Type: WatchLog
[2026-04-23T02:53:37.553] [DEBUG] debug-file - watch worker: send response to session manager. Response type: WatchLog
[2026-04-23T02:53:37.570] [DEBUG] debug-file - session manager: watch message received from worker 1. Type: WatchLog
[2026-04-23T02:53:37.553] [DEBUG] debug-file - watch worker: send response to session manager. Response type: WatchLog
[2026-04-23T02:53:37.570] [DEBUG] debug-file - session manager: watch message received from worker 1. Type: WatchLog
[2026-04-23T02:53:37.553] [DEBUG] debug-file - watch worker: send response to session manager. Response type: WatchLog
[2026-04-23T02:53:37.570] [DEBUG] debug-file - session manager: watch message received from worker 1. Type: WatchLog
[2026-04-23T02:53:37.553] [DEBUG] debug-file - watch worker: send response to session manager. Response type: WatchLog
[2026-04-23T02:53:37.570] [DEBUG] debug-file - session manager: watch message received from worker 1. Type: WatchLog
[2026-04-23T02:53:37.553] [DEBUG] debug-file - watch worker: send response to session manager. Response type: WatchLog
[2026-04-23T02:53:37.570] [DEBUG] debug-file - session manager: watch message received from worker 1. Type: WatchLog
[2026-04-23T02:53:37.553] [DEBUG] debug-file - watch worker: send response to session manager. Response type: WatchLog
[2026-04-23T02:53:37.573] [DEBUG] debug-file - session manager: watch message received from worker 1. Type: WatchLog
[2026-04-23T02:53:37.553] [DEBUG] debug-file - watch worker: send response to session manager. Response type: WatchLog
[2026-04-23T02:53:37.573] [DEBUG] debug-file - session manager: watch message received from worker 1. Type: WatchLog
[2026-04-23T02:53:37.553] [DEBUG] debug-file - watch worker: send response to session manager. Response type: WatchLog
[2026-04-23T02:53:37.573] [DEBUG] debug-file - session manager: watch message received from worker 1. Type: WatchLog
[2026-04-23T02:53:37.553] [DEBUG] debug-file - watch worker: send response to session manager. Response type: WatchLog
[2026-04-23T02:53:37.574] [DEBUG] debug-file - session manager: watch message received from worker 1. Type: WatchLog
[2026-04-23T02:53:37.553] [DEBUG] debug-file - watch worker: send response to session manager. Response type: WatchLog
[2026-04-23T02:53:37.574] [DEBUG] debug-file - session manager: watch message received from worker 1. Type: WatchLog
[2026-04-23T02:53:37.553] [DEBUG] debug-file - watch worker: send response to session manager. Response type: WatchLog
[2026-04-23T02:53:37.574] [DEBUG] debug-file - session manager: watch message received from worker 1. Type: WatchLog
[2026-04-23T02:53:37.553] [DEBUG] debug-file - watch worker: send response to session manager. Response type: WatchLog
[2026-04-23T02:53:37.574] [DEBUG] debug-file - session manager: watch message received from worker 1. Type: WatchLog
[2026-04-23T02:53:37.553] [DEBUG] debug-file - watch worker: send response to session manager. Response type: WatchLog
[2026-04-23T02:53:37.574] [DEBUG] debug-file - session manager: watch message received from worker 1. Type: WatchLog
[2026-04-23T02:53:37.553] [DEBUG] debug-file - watch worker: send response to session manager. Response type: WatchLog
[2026-04-23T02:53:37.574] [DEBUG] debug-file - session manager: watch message received from worker 1. Type: WatchLog
[2026-04-23T02:53:37.553] [DEBUG] debug-file - watch worker: send response to session manager. Response type: WatchLog
[2026-04-23T02:53:37.574] [DEBUG] debug-file - session manager: watch message received from worker 1. Type: WatchLog
[2026-04-23T02:53:37.553] [DEBUG] debug-file - watch worker: send response to session manager. Response type: WatchLog
[2026-04-23T02:53:37.574] [DEBUG] debug-file - session manager: watch message received from worker 1. Type: WatchLog
[2026-04-23T02:53:37.553] [DEBUG] debug-file - watch worker: send response to session manager. Response type: WatchLog
[2026-04-23T02:53:37.574] [DEBUG] debug-file - session manager: watch message received from worker 1. Type: WatchLog
[2026-04-23T02:53:37.553] [DEBUG] debug-file - watch worker: send response to session manager. Response type: WatchLog
[2026-04-23T02:53:37.575] [DEBUG] debug-file - session manager: watch message received from worker 1. Type: WatchLog
[2026-04-23T02:53:37.553] [DEBUG] debug-file - watch worker: send response to session manager. Response type: WatchLog
[2026-04-23T02:53:37.575] [DEBUG] debug-file - session manager: watch message received from worker 1. Type: WatchLog
[2026-04-23T02:53:37.553] [DEBUG] debug-file - watch worker: send response to session manager. Response type: WatchLog
[2026-04-23T02:53:37.575] [DEBUG] debug-file - session manager: watch message received from worker 1. Type: WatchLog
[2026-04-23T02:53:37.553] [DEBUG] debug-file - watch worker: send response to session manager. Response type: WatchLog
[2026-04-23T02:53:37.576] [DEBUG] debug-file - session manager: watch message received from worker 1. Type: WatchLog
[2026-04-23T02:53:37.553] [DEBUG] debug-file - watch worker: send response to session manager. Response type: WatchLog
[2026-04-23T02:53:37.576] [DEBUG] debug-file - session manager: watch message received from worker 1. Type: WatchLog
[2026-04-23T02:53:37.553] [DEBUG] debug-file - watch worker: send response to session manager. Response type: WatchLog
[2026-04-23T02:53:37.576] [DEBUG] debug-file - session manager: watch message received from worker 1. Type: WatchLog
[2026-04-23T02:53:37.553] [DEBUG] debug-file - watch worker: send response to session manager. Response type: WatchLog
[2026-04-23T02:53:37.577] [DEBUG] debug-file - session manager: watch message received from worker 1. Type: WatchLog
[2026-04-23T02:53:37.553] [DEBUG] debug-file - watch worker: send response to session manager. Response type: WatchLog
[2026-04-23T02:53:37.577] [DEBUG] debug-file - session manager: watch message received from worker 1. Type: WatchLog
[2026-04-23T02:53:37.553] [DEBUG] debug-file - watch worker: send response to session manager. Response type: WatchLog
[2026-04-23T02:53:37.578] [DEBUG] debug-file - session manager: watch message received from worker 1. Type: WatchLog
[2026-04-23T02:53:37.553] [DEBUG] debug-file - watch worker: send response to session manager. Response type: WatchLog
[2026-04-23T02:53:37.579] [DEBUG] debug-file - session manager: watch message received from worker 1. Type: WatchLog
[2026-04-23T02:53:37.553] [DEBUG] debug-file - watch worker: send response to session manager. Response type: WatchLog
[2026-04-23T02:53:37.579] [DEBUG] debug-file - session manager: watch message received from worker 1. Type: WatchLog
[2026-04-23T02:53:37.553] [DEBUG] debug-file - watch worker: send response to session manager. Response type: WatchLog
[2026-04-23T02:53:37.579] [DEBUG] debug-file - session manager: watch message received from worker 1. Type: WatchLog
[2026-04-23T02:53:37.553] [DEBUG] debug-file - watch worker: send response to session manager. Response type: WatchLog
[2026-04-23T02:53:37.579] [DEBUG] debug-file - session manager: watch message received from worker 1. Type: WatchLog
[2026-04-23T02:53:37.554] [DEBUG] debug-file - watch worker: send response to session manager. Response type: WatchLog
[2026-04-23T02:53:37.580] [DEBUG] debug-file - session manager: watch message received from worker 1. Type: WatchLog
[2026-04-23T02:53:37.554] [DEBUG] debug-file - watch worker: send response to session manager. Response type: WatchLog
[2026-04-23T02:53:37.582] [DEBUG] debug-file - session manager: watch message received from worker 1. Type: WatchLog
[2026-04-23T02:53:37.554] [DEBUG] debug-file - watch worker: send response to session manager. Response type: WatchLog
[2026-04-23T02:53:37.584] [DEBUG] debug-file - session manager: watch message received from worker 1. Type: WatchLog
[2026-04-23T02:53:37.554] [DEBUG] debug-file - watch worker: send response to session manager. Response type: WatchLog
[2026-04-23T02:53:37.585] [DEBUG] debug-file - session manager: watch message received from worker 1. Type: WatchLog
[2026-04-23T02:53:37.554] [DEBUG] debug-file - watch worker: send response to session manager. Response type: WatchLog
[2026-04-23T02:53:37.585] [DEBUG] debug-file - session manager: watch message received from worker 1. Type: WatchLog
[2026-04-23T02:53:37.554] [DEBUG] debug-file - watch worker: send response to session manager. Response type: WatchLog
[2026-04-23T02:53:37.585] [DEBUG] debug-file - session manager: watch message received from worker 1. Type: WatchLog
[2026-04-23T02:53:37.554] [DEBUG] debug-file - watch worker: send response to session manager. Response type: WatchLog
[2026-04-23T02:53:37.586] [DEBUG] debug-file - session manager: watch message received from worker 1. Type: WatchLog
[2026-04-23T02:53:37.554] [DEBUG] debug-file - watch worker: send response to session manager. Response type: WatchLog
[2026-04-23T02:53:37.587] [DEBUG] debug-file - session manager: watch message received from worker 1. Type: WatchLog
[2026-04-23T02:53:37.554] [DEBUG] debug-file - watch worker: send response to session manager. Response type: WatchLog
[2026-04-23T02:53:37.587] [DEBUG] debug-file - session manager: watch message received from worker 1. Type: WatchLog
[2026-04-23T02:53:37.554] [DEBUG] debug-file - watch worker: send response to session manager. Response type: WatchLog
[2026-04-23T02:53:37.587] [DEBUG] debug-file - session manager: watch message received from worker 1. Type: WatchLog
[2026-04-23T02:53:37.554] [DEBUG] debug-file - watch worker: send response to session manager. Response type: WatchLog
[2026-04-23T02:53:37.587] [DEBUG] debug-file - session manager: watch message received from worker 1. Type: WatchLog
[2026-04-23T02:53:37.554] [DEBUG] debug-file - watch worker: send response to session manager. Response type: WatchLog
[2026-04-23T02:53:37.587] [DEBUG] debug-file - session manager: watch message received from worker 1. Type: WatchLog
[2026-04-23T02:53:37.554] [DEBUG] debug-file - watch worker: send response to session manager. Response type: WatchLog
[2026-04-23T02:53:37.587] [DEBUG] debug-file - session manager: watch message received from worker 1. Type: WatchLog
[2026-04-23T02:53:37.554] [DEBUG] debug-file - watch worker: send response to session manager. Response type: WatchLog
[2026-04-23T02:53:37.587] [DEBUG] debug-file - session manager: watch message received from worker 1. Type: WatchLog
[2026-04-23T02:53:37.554] [DEBUG] debug-file - watch worker: send response to session manager. Response type: WatchLog
[2026-04-23T02:53:37.587] [DEBUG] debug-file - session manager: watch message received from worker 1. Type: WatchLog
[2026-04-23T02:53:37.554] [DEBUG] debug-file - watch worker: send response to session manager. Response type: WatchLog
[2026-04-23T02:53:37.587] [DEBUG] debug-file - session manager: watch message received from worker 1. Type: WatchLog
[2026-04-23T02:53:37.554] [DEBUG] debug-file - watch worker: send response to session manager. Response type: WatchLog
[2026-04-23T02:53:37.588] [DEBUG] debug-file - session manager: watch message received from worker 1. Type: WatchLog
[2026-04-23T02:53:37.554] [DEBUG] debug-file - watch worker: send response to session manager. Response type: WatchLog
[2026-04-23T02:53:37.588] [DEBUG] debug-file - session manager: watch message received from worker 1. Type: WatchLog
[2026-04-23T02:53:37.554] [DEBUG] debug-file - watch worker: send response to session manager. Response type: WatchLog
[2026-04-23T02:53:37.588] [DEBUG] debug-file - session manager: watch message received from worker 1. Type: WatchLog
[2026-04-23T02:53:37.554] [DEBUG] debug-file - watch worker: send response to session manager. Response type: WatchLog
[2026-04-23T02:53:37.588] [DEBUG] debug-file - session manager: watch message received from worker 1. Type: WatchLog
[2026-04-23T02:53:37.554] [DEBUG] debug-file - watch worker: send response to session manager. Response type: WatchLog
[2026-04-23T02:53:37.588] [DEBUG] debug-file - session manager: watch message received from worker 1. Type: WatchLog
[2026-04-23T02:53:37.554] [DEBUG] debug-file - watch worker: send response to session manager. Response type: WatchLog
[2026-04-23T02:53:37.588] [DEBUG] debug-file - session manager: watch message received from worker 1. Type: WatchLog
[2026-04-23T02:53:37.554] [DEBUG] debug-file - watch worker: send response to session manager. Response type: WatchLog
[2026-04-23T02:53:37.588] [DEBUG] debug-file - session manager: watch message received from worker 1. Type: WatchLog
[2026-04-23T02:53:37.554] [DEBUG] debug-file - watch worker: send response to session manager. Response type: WatchLog
[2026-04-23T02:53:37.588] [DEBUG] debug-file - session manager: watch message received from worker 1. Type: WatchLog
[2026-04-23T02:53:37.554] [DEBUG] debug-file - watch worker: send response to session manager. Response type: WatchLog
[2026-04-23T02:53:37.589] [DEBUG] debug-file - session manager: watch message received from worker 1. Type: WatchLog
[2026-04-23T02:53:37.554] [DEBUG] debug-file - watch worker: send response to session manager. Response type: WatchLog
[2026-04-23T02:53:37.589] [DEBUG] debug-file - session manager: watch message received from worker 1. Type: WatchLog
[2026-04-23T02:53:37.554] [DEBUG] debug-file - watch worker: send response to session manager. Response type: WatchLog
[2026-04-23T02:53:37.589] [DEBUG] debug-file - session manager: watch message received from worker 1. Type: WatchLog
[2026-04-23T02:53:37.554] [DEBUG] debug-file - watch worker: send response to session manager. Response type: WatchLog
[2026-04-23T02:53:37.589] [DEBUG] debug-file - session manager: watch message received from worker 1. Type: WatchLog
[2026-04-23T02:53:37.554] [DEBUG] debug-file - watch worker: send response to session manager. Response type: WatchLog
[2026-04-23T02:53:37.589] [DEBUG] debug-file - session manager: watch message received from worker 1. Type: WatchLog
[2026-04-23T02:53:37.554] [DEBUG] debug-file - watch worker: send response to session manager. Response type: WatchLog
[2026-04-23T02:53:37.590] [DEBUG] debug-file - session manager: watch message received from worker 1. Type: WatchLog
[2026-04-23T02:53:37.555] [DEBUG] debug-file - watch worker: send response to session manager. Response type: WatchLog
[2026-04-23T02:53:37.591] [DEBUG] debug-file - session manager: watch message received from worker 1. Type: WatchLog
[2026-04-23T02:53:37.555] [DEBUG] debug-file - watch worker: send response to session manager. Response type: WatchLog
[2026-04-23T02:53:37.592] [DEBUG] debug-file - session manager: watch message received from worker 1. Type: WatchLog
[2026-04-23T02:53:37.555] [DEBUG] debug-file - watch worker: send response to session manager. Response type: WatchLog
[2026-04-23T02:53:37.592] [DEBUG] debug-file - session manager: watch message received from worker 1. Type: WatchLog
[2026-04-23T02:53:37.555] [DEBUG] debug-file - watch worker: send response to session manager. Response type: WatchLog
[2026-04-23T02:53:37.592] [DEBUG] debug-file - session manager: watch message received from worker 1. Type: WatchLog
[2026-04-23T02:53:37.555] [DEBUG] debug-file - watch worker: send response to session manager. Response type: WatchLog
[2026-04-23T02:53:37.593] [DEBUG] debug-file - session manager: watch message received from worker 1. Type: WatchLog
[2026-04-23T02:53:37.555] [DEBUG] debug-file - watch worker: send response to session manager. Response type: WatchLog
[2026-04-23T02:53:37.593] [DEBUG] debug-file - session manager: watch message received from worker 1. Type: WatchLog
[2026-04-23T02:53:37.555] [DEBUG] debug-file - watch worker: send response to session manager. Response type: WatchLog
[2026-04-23T02:53:37.593] [DEBUG] debug-file - session manager: watch message received from worker 1. Type: WatchLog
[2026-04-23T02:53:37.555] [DEBUG] debug-file - watch worker: send response to session manager. Response type: WatchLog
[2026-04-23T02:53:37.593] [DEBUG] debug-file - session manager: watch message received from worker 1. Type: WatchLog
[2026-04-23T02:53:37.555] [DEBUG] debug-file - watch worker: send response to session manager. Response type: WatchLog
[2026-04-23T02:53:37.593] [DEBUG] debug-file - session manager: watch message received from worker 1. Type: WatchLog
[2026-04-23T02:53:37.555] [DEBUG] debug-file - watch worker: send response to session manager. Response type: WatchLog
[2026-04-23T02:53:37.593] [DEBUG] debug-file - session manager: watch message received from worker 1. Type: WatchLog
[2026-04-23T02:53:37.555] [DEBUG] debug-file - watch worker: send response to session manager. Response type: WatchLog
[2026-04-23T02:53:37.593] [DEBUG] debug-file - session manager: watch message received from worker 1. Type: WatchLog
[2026-04-23T02:53:37.555] [DEBUG] debug-file - watch worker: send response to session manager. Response type: WatchLog
[2026-04-23T02:53:37.593] [DEBUG] debug-file - session manager: watch message received from worker 1. Type: WatchLog
[2026-04-23T02:53:37.555] [DEBUG] debug-file - watch worker: send response to session manager. Response type: WatchLog
[2026-04-23T02:53:37.593] [DEBUG] debug-file - session manager: watch message received from worker 1. Type: WatchLog
[2026-04-23T02:53:37.555] [DEBUG] debug-file - watch worker: send response to session manager. Response type: WatchLog
[2026-04-23T02:53:37.593] [DEBUG] debug-file - session manager: watch message received from worker 1. Type: WatchLog
[2026-04-23T02:53:37.555] [DEBUG] debug-file - watch worker: send response to session manager. Response type: WatchLog
[2026-04-23T02:53:37.594] [DEBUG] debug-file - session manager: watch message received from worker 1. Type: WatchLog
[2026-04-23T02:53:37.555] [DEBUG] debug-file - watch worker: send response to session manager. Response type: WatchLog
[2026-04-23T02:53:37.594] [DEBUG] debug-file - session manager: watch message received from worker 1. Type: WatchLog
[2026-04-23T02:53:37.555] [DEBUG] debug-file - watch worker: send response to session manager. Response type: WatchLog
[2026-04-23T02:53:37.594] [DEBUG] debug-file - session manager: watch message received from worker 1. Type: WatchLog
[2026-04-23T02:53:38.412] [DEBUG] debug-file - watch worker: send response to session manager. Response type: WatchResult
[2026-04-23T02:53:38.412] [DEBUG] debug-file - session manager: watch message received from worker 1. Type: WatchResult
[2026-04-23T02:53:38.412] [DEBUG] debug-file - Ark compile finished.
[2026-04-23T02:53:38.414] [INFO] debug-file - Finished :entry:default@PreviewArkTS... after 4 s 131 ms 
[2026-04-23T02:53:38.414] [DEBUG] debug-file - Executing task :entry:PreviewBuild
[2026-04-23T02:53:38.415] [DEBUG] debug-file - entry : PreviewBuild cost memory 0.01189422607421875
[2026-04-23T02:53:38.415] [DEBUG] debug-file - runTaskFromQueue task cost before running: 5 s 64 ms 
[2026-04-23T02:53:38.415] [INFO] debug-file - Finished :entry:PreviewBuild... after 1 ms 
[2026-04-23T02:53:38.415] [INFO] debug-file - BUILD SUCCESSFUL in 5 s 64 ms 
[2026-04-23T02:53:38.416] [DEBUG] debug-file - Update task entry:default@PreBuild input file:/Users/muniao/Downloads/Pink_House/harmony_next/AppScope/app.json5 cache by regenerate.
[2026-04-23T02:53:38.416] [DEBUG] debug-file - Update task entry:default@PreBuild input file:/Users/muniao/Downloads/Pink_House/harmony_next/entry/src/main/module.json5 cache by regenerate.
[2026-04-23T02:53:38.416] [DEBUG] debug-file - Update task entry:default@PreBuild input file:/Users/muniao/Downloads/Pink_House/harmony_next/build-profile.json5 cache by regenerate.
[2026-04-23T02:53:38.416] [DEBUG] debug-file - Update task entry:default@PreBuild input file:/Users/muniao/Downloads/Pink_House/harmony_next/entry/build-profile.json5 cache by regenerate.
[2026-04-23T02:53:38.416] [DEBUG] debug-file - Update task entry:default@PreBuild input file:/Users/muniao/Downloads/Pink_House/harmony_next/entry/src/main/resources/base/profile/main_pages.json cache by regenerate.
[2026-04-23T02:53:38.416] [DEBUG] debug-file - Update task entry:default@PreBuild input file:/Users/muniao/Downloads/Pink_House/harmony_next/hvigor/hvigor-config.json5 cache by regenerate.
[2026-04-23T02:53:38.416] [DEBUG] debug-file - Update task entry:default@PreBuild input file:/Users/muniao/Downloads/Pink_House/harmony_next/entry/oh-package.json5 cache by regenerate.
[2026-04-23T02:53:38.416] [DEBUG] debug-file - Update task entry:default@PreBuild input file:/Users/muniao/Downloads/Pink_House/harmony_next/oh-package.json5 cache by regenerate.
[2026-04-23T02:53:38.416] [DEBUG] debug-file - Incremental task entry:default@PreBuild post-execution cost:1 ms .
[2026-04-23T02:53:38.416] [DEBUG] debug-file - Update task entry:default@CreateModuleInfo output file:/Users/muniao/Downloads/Pink_House/harmony_next/entry/.preview/default/generated/profile/default/ModuleInfo.ts cache.
[2026-04-23T02:53:38.416] [DEBUG] debug-file - Incremental task entry:default@CreateModuleInfo post-execution cost:1 ms .
[2026-04-23T02:53:38.416] [DEBUG] debug-file - Update task entry:default@MergeProfile input file:/Users/muniao/Downloads/Pink_House/harmony_next/AppScope/app.json5 cache by regenerate.
[2026-04-23T02:53:38.416] [DEBUG] debug-file - Update task entry:default@MergeProfile input file:/Users/muniao/Downloads/Pink_House/harmony_next/build-profile.json5 cache by regenerate.
[2026-04-23T02:53:38.416] [DEBUG] debug-file - Update task entry:default@MergeProfile input file:/Users/muniao/Downloads/Pink_House/harmony_next/entry/src/main/module.json5 cache by regenerate.
[2026-04-23T02:53:38.416] [DEBUG] debug-file - Update task entry:default@MergeProfile output file:/Users/muniao/Downloads/Pink_House/harmony_next/entry/.preview/default/intermediates/merge_profile/default/module.json cache.
[2026-04-23T02:53:38.416] [DEBUG] debug-file - Incremental task entry:default@MergeProfile post-execution cost:1 ms .
[2026-04-23T02:53:38.416] [DEBUG] debug-file - Update task entry:default@CreateBuildProfile input file:/Users/muniao/Downloads/Pink_House/harmony_next/AppScope/app.json5 cache by regenerate.
[2026-04-23T02:53:38.416] [DEBUG] debug-file - Update task entry:default@CreateBuildProfile input file:/Users/muniao/Downloads/Pink_House/harmony_next/build-profile.json5 cache by regenerate.
[2026-04-23T02:53:38.416] [DEBUG] debug-file - Update task entry:default@CreateBuildProfile output file:/Users/muniao/Downloads/Pink_House/harmony_next/entry/.preview/default/generated/profile/default/BuildProfile.ets cache.
[2026-04-23T02:53:38.416] [DEBUG] debug-file - Incremental task entry:default@CreateBuildProfile post-execution cost:1 ms .
[2026-04-23T02:53:38.416] [DEBUG] debug-file - Update task entry:default@GeneratePkgContextInfo output file:/Users/muniao/Downloads/Pink_House/harmony_next/entry/.preview/default/intermediates/loader/default/pkgContextInfo.json cache.
[2026-04-23T02:53:38.417] [DEBUG] debug-file - Incremental task entry:default@GeneratePkgContextInfo post-execution cost:1 ms .
[2026-04-23T02:53:38.417] [DEBUG] debug-file - Update task entry:default@ProcessProfile input file:/Users/muniao/Downloads/Pink_House/harmony_next/entry/.preview/default/intermediates/merge_profile/default/module.json cache from map.
[2026-04-23T02:53:38.417] [DEBUG] debug-file - Update task entry:default@ProcessProfile output file:/Users/muniao/Downloads/Pink_House/harmony_next/entry/.preview/default/intermediates/process_profile/default/module.json cache.
[2026-04-23T02:53:38.417] [DEBUG] debug-file - Incremental task entry:default@ProcessProfile post-execution cost:1 ms .
[2026-04-23T02:53:38.417] [DEBUG] debug-file - Update task entry:default@ProcessRouterMap input file:/Users/muniao/Downloads/Pink_House/harmony_next/entry/oh-package.json5 cache by regenerate.
[2026-04-23T02:53:38.417] [DEBUG] debug-file - Update task entry:default@ProcessRouterMap input file:/Users/muniao/Downloads/Pink_House/harmony_next/oh-package.json5 cache by regenerate.
[2026-04-23T02:53:38.418] [DEBUG] debug-file - Update task entry:default@ProcessRouterMap input file:/Users/muniao/Downloads/Pink_House/harmony_next/entry/src/main/module.json5 cache by regenerate.
[2026-04-23T02:53:38.418] [DEBUG] debug-file - Update task entry:default@ProcessRouterMap output file:/Users/muniao/Downloads/Pink_House/harmony_next/entry/.preview/default/intermediates/router_map/default/temp-router-map.json cache.
[2026-04-23T02:53:38.418] [DEBUG] debug-file - Update task entry:default@ProcessRouterMap output file:/Users/muniao/Downloads/Pink_House/harmony_next/entry/.preview/default/intermediates/router_map/default/loader-router-map.json cache.
[2026-04-23T02:53:38.418] [DEBUG] debug-file - Incremental task entry:default@ProcessRouterMap post-execution cost:1 ms .
[2026-04-23T02:53:38.418] [DEBUG] debug-file - Update task entry:default@ProcessShareConfig input file:/Users/muniao/Downloads/Pink_House/harmony_next/entry/oh-package.json5 cache by regenerate.
[2026-04-23T02:53:38.418] [DEBUG] debug-file - Update task entry:default@ProcessShareConfig input file:/Users/muniao/Downloads/Pink_House/harmony_next/oh-package.json5 cache by regenerate.
[2026-04-23T02:53:38.418] [DEBUG] debug-file - Update task entry:default@ProcessShareConfig input file:/Users/muniao/Downloads/Pink_House/harmony_next/entry/src/main/module.json5 cache by regenerate.
[2026-04-23T02:53:38.418] [DEBUG] debug-file - Update task entry:default@ProcessShareConfig output file:/Users/muniao/Downloads/Pink_House/harmony_next/entry/.preview/default/intermediates/share_config/default/temp-share-config.json cache.
[2026-04-23T02:53:38.418] [DEBUG] debug-file - Incremental task entry:default@ProcessShareConfig post-execution cost:1 ms .
[2026-04-23T02:53:38.418] [DEBUG] debug-file - Update task entry:default@ProcessStartupConfig output file:/Users/muniao/Downloads/Pink_House/harmony_next/entry/.preview/default/intermediates/startup/default/startup_config.json cache.
[2026-04-23T02:53:38.418] [DEBUG] debug-file - Incremental task entry:default@ProcessStartupConfig post-execution cost:1 ms .
[2026-04-23T02:53:38.418] [DEBUG] debug-file - Update task entry:default@GenerateLoaderJson input file:/Users/muniao/Downloads/Pink_House/harmony_next/entry/.preview/default/intermediates/router_map/default/temp-router-map.json cache from map.
[2026-04-23T02:53:38.418] [DEBUG] debug-file - Update task entry:default@GenerateLoaderJson output file:/Users/muniao/Downloads/Pink_House/harmony_next/entry/.preview/default/intermediates/loader/default/loader.json cache.
[2026-04-23T02:53:38.418] [DEBUG] debug-file - Incremental task entry:default@GenerateLoaderJson post-execution cost:1 ms .
[2026-04-23T02:53:38.418] [DEBUG] debug-file - Update task entry:default@PreviewCompileResource input file:/Users/muniao/Downloads/Pink_House/harmony_next/entry/src/main/resources cache by regenerate.
[2026-04-23T02:53:38.419] [DEBUG] debug-file - Update task entry:default@PreviewCompileResource input file:/Users/muniao/Downloads/Pink_House/harmony_next/entry/.preview/default/intermediates/merge_profile/default/module.json cache from map.
[2026-04-23T02:53:38.419] [DEBUG] debug-file - Update task entry:default@PreviewCompileResource output file:/Users/muniao/Downloads/Pink_House/harmony_next/entry/.preview/default/intermediates/res/default cache.
[2026-04-23T02:53:38.419] [DEBUG] debug-file - Update task entry:default@PreviewCompileResource output file:/Users/muniao/Downloads/Pink_House/harmony_next/entry/.preview/default/generated/r/default cache.
[2026-04-23T02:53:38.419] [DEBUG] debug-file - Incremental task entry:default@PreviewCompileResource post-execution cost:2 ms .
[2026-04-23T02:53:38.419] [DEBUG] debug-file - Update task entry:default@CopyPreviewProfile input file:/Users/muniao/Downloads/Pink_House/harmony_next/entry/src/main/resources/base/profile cache by regenerate.
[2026-04-23T02:53:38.419] [DEBUG] debug-file - Update task entry:default@CopyPreviewProfile output file:/Users/muniao/Downloads/Pink_House/harmony_next/entry/.preview/default/intermediates/res/default/resources/base/profile cache.
[2026-04-23T02:53:38.420] [DEBUG] debug-file - Incremental task entry:default@CopyPreviewProfile post-execution cost:1 ms .
[2026-04-23T02:53:38.421] [DEBUG] debug-file - Update task entry:default@PreviewUpdateAssets output file:/Users/muniao/Downloads/Pink_House/harmony_next/entry/.preview/default/intermediates/res/default/module.json cache.
[2026-04-23T02:53:38.421] [DEBUG] debug-file - Update task entry:default@PreviewUpdateAssets output file:/Users/muniao/Downloads/Pink_House/harmony_next/entry/.preview/default/intermediates/res/default/resources/base/profile/main_pages.json cache.
[2026-04-23T02:53:38.421] [DEBUG] debug-file - Incremental task entry:default@PreviewUpdateAssets post-execution cost:1 ms .
[2026-04-23T02:53:38.421] [DEBUG] debug-file - Update task entry:default@PreviewArkTS input file:/Users/muniao/Downloads/Pink_House/harmony_next/entry/.preview/default/intermediates/loader/default cache from map.
[2026-04-23T02:53:38.421] [DEBUG] debug-file - Update task entry:default@PreviewArkTS input file:/Users/muniao/Downloads/Pink_House/harmony_next/entry/.preview/default/intermediates/res/default/ResourceTable.txt cache by regenerate.
[2026-04-23T02:53:38.421] [DEBUG] debug-file - Update task entry:default@PreviewArkTS input file:/Users/muniao/Downloads/Pink_House/harmony_next/entry/.preview/default/intermediates/process_profile/default/module.json cache by regenerate.
[2026-04-23T02:53:38.421] [DEBUG] debug-file - Update task entry:default@PreviewArkTS input file:/Users/muniao/Downloads/Pink_House/harmony_next/entry/.preview/default/intermediates/res/default/resources/base/profile cache by regenerate.
[2026-04-23T02:53:38.421] [DEBUG] debug-file - Update task entry:default@PreviewArkTS input file:/Users/muniao/Downloads/Pink_House/harmony_next/entry/src/main/ets cache by regenerate.
[2026-04-23T02:53:38.430] [DEBUG] debug-file - Update task entry:default@PreviewArkTS input file:/Users/muniao/Downloads/Pink_House/harmony_next/entry/.preview/default/generated/profile/default/BuildProfile.ets cache by regenerate.
[2026-04-23T02:53:38.430] [DEBUG] debug-file - Update task entry:default@PreviewArkTS output file:/Users/muniao/Downloads/Pink_House/harmony_next/entry/.preview/default/intermediates/loader_out/default/ets cache.
[2026-04-23T02:53:38.430] [DEBUG] debug-file - Incremental task entry:default@PreviewArkTS post-execution cost:10 ms .
[2026-04-23T02:53:38.441] [DEBUG] debug-file - hvigor build process will be closed.
[2026-04-23T02:54:29.364] [DEBUG] debug-file - session manager: send message to worker process.
[2026-04-23T02:54:29.365] [DEBUG] debug-file - session manager: send message to worker process.
[2026-04-23T02:54:29.683] [DEBUG] debug-file - bad codeSnippet [object Object]
[2026-04-23T02:54:29.763] [DEBUG] debug-file - watch worker: worker is ready to be terminated.
[2026-04-23T02:54:29.764] [DEBUG] debug-file - Server currently has 0 watch-worker
[2026-04-23T02:54:30.207] [DEBUG] debug-file - session manager: set active socket. socketId=0dG5NFoFk0uqJeKnAAAZ
[2026-04-23T02:54:30.209] [DEBUG] debug-file - watch worker: worker id should be larger than 0. Nothing will be sent to any worker thread.
[2026-04-23T02:54:30.213] [DEBUG] debug-file - Workers' log level updated to INFO
[2026-04-23T02:54:30.219] [DEBUG] debug-file - Hvigor init with startParameters:{
  hvigorfileTypeCheck: false,
  parallelExecution: true,
  incrementalExecution: true,
  printStackTrace: false,
  daemon: true,
  analyze: 0,
  logLevel: Level { level: 20000, levelStr: 'INFO', colour: 'green' },
  optimizationStrategy: 'memory',
  hotCompile: undefined,
  hotReloadBuild: undefined,
  customizedParam: undefined
}
[2026-04-23T02:54:30.226] [DEBUG] debug-file - Cache service initialization finished in 7 ms 
[2026-04-23T02:54:30.227] [DEBUG] debug-file - hvigorfile, resolving /Users/muniao/Downloads/Pink_House/harmony_next/hvigorfile.ts
[2026-04-23T02:54:30.247] [DEBUG] debug-file - hvigorfile, require result:  { default: {} }
[2026-04-23T02:54:30.247] [DEBUG] debug-file - hvigorfile, binding system plugins null
[2026-04-23T02:54:30.248] [DEBUG] debug-file - Starting plugin build process
[2026-04-23T02:54:30.248] [DEBUG] debug-file - App plugin prepare start...
[2026-04-23T02:54:30.248] [DEBUG] debug-file - App plugin prepare end...
[2026-04-23T02:54:30.248] [DEBUG] debug-file - App plugin creating...
[2026-04-23T02:54:30.252] [DEBUG] debug-file - App plugin register hook start...
[2026-04-23T02:54:30.253] [DEBUG] debug-file - App plugin register hook end...
[2026-04-23T02:54:30.253] [DEBUG] debug-file - Plugin build process completed
[2026-04-23T02:54:30.254] [DEBUG] debug-file - Start initialize project's product build option map with build mode debug.
[2026-04-23T02:54:30.254] [DEBUG] debug-file - Picking option from product 'default' with build mode 'debug'.
[2026-04-23T02:54:30.255] [DEBUG] debug-file - Product 'default' build option initialized
[2026-04-23T02:54:30.255] [DEBUG] debug-file - End initialize project's product build option map with build mode 'debug'.
[2026-04-23T02:54:30.255] [DEBUG] debug-file - Obtain build option for product 'default'in this build.
[2026-04-23T02:54:30.256] [DEBUG] debug-file - No signingConfig found, initRemoteHspCache failed.
[2026-04-23T02:54:30.258] [DEBUG] debug-file - Start recording SDK configuration permission data.
[2026-04-23T02:54:30.285] [DEBUG] debug-file - Sdk init in 28 ms 
[2026-04-23T02:54:30.288] [DEBUG] debug-file - Project task initialization takes 3 ms 
[2026-04-23T02:54:30.288] [DEBUG] debug-file - hvigorfile, begin to bind custom plugins...
[2026-04-23T02:54:30.288] [DEBUG] debug-file - hvigorfile, no custom plugins were found in /Users/muniao/Downloads/Pink_House/harmony_next/hvigorfile.ts
[2026-04-23T02:54:30.288] [DEBUG] debug-file - hvigorfile, resolve finished /Users/muniao/Downloads/Pink_House/harmony_next/hvigorfile.ts
[2026-04-23T02:54:30.288] [DEBUG] debug-file - hvigorfile, resolving /Users/muniao/Downloads/Pink_House/harmony_next/entry/hvigorfile.ts
[2026-04-23T02:54:30.292] [DEBUG] debug-file - hvigorfile, require result:  { default: {} }
[2026-04-23T02:54:30.292] [DEBUG] debug-file - hvigorfile, binding system plugins null
[2026-04-23T02:54:30.292] [DEBUG] debug-file - Starting plugin build process
[2026-04-23T02:54:30.292] [DEBUG] debug-file - Hap plugin creating...
[2026-04-23T02:54:30.293] [DEBUG] debug-file - failed to load cangjie to dynamically generate schemas: Error: Cannot find module '@ohos/cangjie-build-support/index'
Require stack:
- /Applications/DevEco-Studio.app/Contents/tools/hvigor/hvigor-ohos-plugin/src/plugin/hooks/cangjie-register.js
- /Applications/DevEco-Studio.app/Contents/tools/hvigor/hvigor-ohos-plugin/src/plugin/strategy/stage-init-strategy.js
- /Applications/DevEco-Studio.app/Contents/tools/hvigor/hvigor-ohos-plugin/src/plugin/builder/abstract-plugin-builder.js
- /Applications/DevEco-Studio.app/Contents/tools/hvigor/hvigor-ohos-plugin/src/plugin/builder/app-plugin-builder.js
- /Applications/DevEco-Studio.app/Contents/tools/hvigor/hvigor-ohos-plugin/src/plugin/factory/plugin-factory.js
- /Applications/DevEco-Studio.app/Contents/tools/hvigor/hvigor-ohos-plugin/index.js
- /Users/muniao/Downloads/Pink_House/harmony_next/hvigorfile.ts
- /Applications/DevEco-Studio.app/Contents/tools/hvigor/hvigor/src/base/internal/lifecycle/configuration.js
- /Applications/DevEco-Studio.app/Contents/tools/hvigor/hvigor/src/base/boot/index.js
- /Applications/DevEco-Studio.app/Contents/tools/hvigor/hvigor/src/base/daemon/cluster/worker-process-lifecycle.js
- /Applications/DevEco-Studio.app/Contents/tools/hvigor/hvigor/src/base/daemon/process/daemon-process-boot-script.js
[2026-04-23T02:54:30.296] [DEBUG] debug-file - Start initialize module-target build option map, moduleName=entry, buildMode=debug
[2026-04-23T02:54:30.296] [DEBUG] debug-file - Target 'default' config initialized
[2026-04-23T02:54:30.296] [DEBUG] debug-file - Module 'entry' target 'default' build option initialized
[2026-04-23T02:54:30.296] [DEBUG] debug-file - End initialize module-target build option map, moduleName=entry
[2026-04-23T02:54:30.296] [DEBUG] debug-file - Start initialize module-target build option map, moduleName=entry, buildMode=release
[2026-04-23T02:54:30.296] [DEBUG] debug-file - Target 'default' config initialized
[2026-04-23T02:54:30.297] [DEBUG] debug-file - Module 'entry' target 'default' build option initialized
[2026-04-23T02:54:30.297] [DEBUG] debug-file - End initialize module-target build option map, moduleName=entry
[2026-04-23T02:54:30.297] [DEBUG] debug-file - Start initialize module-target build option map, moduleName=entry, buildMode=debug
[2026-04-23T02:54:30.297] [DEBUG] debug-file - Target 'default' config initialized
[2026-04-23T02:54:30.297] [DEBUG] debug-file - Module 'entry' target 'default' build option initialized
[2026-04-23T02:54:30.297] [DEBUG] debug-file - End initialize module-target build option map, moduleName=entry
[2026-04-23T02:54:30.297] [DEBUG] debug-file - Obtain build option for module 'entry' target 'default'in this build.
[2026-04-23T02:54:30.300] [DEBUG] debug-file - Module entry task initialization takes 2 ms 
[2026-04-23T02:54:30.300] [DEBUG] debug-file - Hap plugin register hook start...
[2026-04-23T02:54:30.300] [DEBUG] debug-file - Hap plugin register hook end...
[2026-04-23T02:54:30.300] [DEBUG] debug-file - Plugin build process completed
[2026-04-23T02:54:30.301] [DEBUG] debug-file - hvigorfile, begin to bind custom plugins...
[2026-04-23T02:54:30.301] [DEBUG] debug-file - hvigorfile, no custom plugins were found in /Users/muniao/Downloads/Pink_House/harmony_next/entry/hvigorfile.ts
[2026-04-23T02:54:30.301] [DEBUG] debug-file - hvigorfile, resolve finished /Users/muniao/Downloads/Pink_House/harmony_next/entry/hvigorfile.ts
[2026-04-23T02:54:30.368] [DEBUG] debug-file - hvigorfile, resolve hvigorfile dependencies in 67 ms 
[2026-04-23T02:54:30.368] [DEBUG] debug-file - project has submodules:entry
[2026-04-23T02:54:30.370] [DEBUG] debug-file - start to load updatedOhPackageInfo to the disk
[2026-04-23T02:54:30.370] [DEBUG] debug-file - load to the disk finished
[2026-04-23T02:54:30.371] [DEBUG] debug-file - Start to initialize dependency information.
[2026-04-23T02:54:30.371] [DEBUG] debug-file - Module harmony_next Collected Dependency: 
[2026-04-23T02:54:30.371] [DEBUG] debug-file - Module harmony_next's total dependency: 0
[2026-04-23T02:54:30.371] [DEBUG] debug-file - Start to initialize dependency information.
[2026-04-23T02:54:30.371] [DEBUG] debug-file - Module entry Collected Dependency: 
[2026-04-23T02:54:30.372] [DEBUG] debug-file - Module entry's total dependency: 0
[2026-04-23T02:54:30.373] [DEBUG] debug-file - Configuration phase cost:147 ms 
[2026-04-23T02:54:30.374] [DEBUG] debug-file - Configuration task cost before running: 160 ms 
[2026-04-23T02:54:30.375] [DEBUG] debug-file - Executing task :entry:default@PreBuild
[2026-04-23T02:54:30.376] [DEBUG] debug-file - Task 'entry:default@PreBuild' cost while wrapping incremental declarations: 1 ms 
[2026-04-23T02:54:30.377] [DEBUG] debug-file - Incremental task entry:default@PreBuild pre-execution cost: 1 ms .
[2026-04-23T02:54:30.377] [DEBUG] debug-file - entry : default@PreBuild cost memory 0.2510833740234375
[2026-04-23T02:54:30.378] [INFO] debug-file - UP-TO-DATE :entry:default@PreBuild...  
[2026-04-23T02:54:30.379] [DEBUG] debug-file - Executing task :entry:default@CreateModuleInfo
[2026-04-23T02:54:30.379] [DEBUG] debug-file - Task 'entry:default@CreateModuleInfo' cost while wrapping incremental declarations: 1 ms 
[2026-04-23T02:54:30.379] [DEBUG] debug-file - entry : default@CreateModuleInfo cost memory 0.03751373291015625
[2026-04-23T02:54:30.379] [DEBUG] debug-file - runTaskFromQueue task cost before running: 165 ms 
[2026-04-23T02:54:30.379] [INFO] debug-file - Finished :entry:default@CreateModuleInfo... after 1 ms 
[2026-04-23T02:54:30.379] [DEBUG] debug-file - Executing task :entry:default@MergeProfile
[2026-04-23T02:54:30.379] [DEBUG] debug-file - Task 'entry:default@MergeProfile' cost while wrapping incremental declarations: 1 ms 
[2026-04-23T02:54:30.380] [DEBUG] debug-file - Incremental task entry:default@MergeProfile pre-execution cost: 1 ms .
[2026-04-23T02:54:30.380] [DEBUG] debug-file - entry : default@MergeProfile cost memory 0.11461639404296875
[2026-04-23T02:54:30.380] [INFO] debug-file - UP-TO-DATE :entry:default@MergeProfile...  
[2026-04-23T02:54:30.380] [DEBUG] debug-file - Executing task :entry:default@CreateBuildProfile
[2026-04-23T02:54:30.380] [DEBUG] debug-file - Task 'entry:default@CreateBuildProfile' cost while wrapping incremental declarations: 1 ms 
[2026-04-23T02:54:30.380] [DEBUG] debug-file - Incremental task entry:default@CreateBuildProfile pre-execution cost: 1 ms .
[2026-04-23T02:54:30.380] [DEBUG] debug-file - entry : default@CreateBuildProfile cost memory 0.08685302734375
[2026-04-23T02:54:30.380] [INFO] debug-file - UP-TO-DATE :entry:default@CreateBuildProfile...  
[2026-04-23T02:54:30.381] [DEBUG] debug-file - Executing task :entry:default@PreCheckSyscap
[2026-04-23T02:54:30.381] [DEBUG] debug-file - entry : default@PreCheckSyscap cost memory 0.01398468017578125
[2026-04-23T02:54:30.381] [DEBUG] debug-file - runTaskFromQueue task cost before running: 167 ms 
[2026-04-23T02:54:30.381] [INFO] debug-file - Finished :entry:default@PreCheckSyscap... after 1 ms 
[2026-04-23T02:54:30.381] [DEBUG] debug-file - Executing task :entry:default@GeneratePkgContextInfo
[2026-04-23T02:54:30.383] [DEBUG] debug-file - Task 'entry:default@GeneratePkgContextInfo' cost while wrapping incremental declarations: 1 ms 
[2026-04-23T02:54:30.383] [DEBUG] debug-file - entry : default@GeneratePkgContextInfo cost memory 0.25319671630859375
[2026-04-23T02:54:30.383] [DEBUG] debug-file - runTaskFromQueue task cost before running: 170 ms 
[2026-04-23T02:54:30.383] [INFO] debug-file - Finished :entry:default@GeneratePkgContextInfo... after 2 ms 
[2026-04-23T02:54:30.384] [DEBUG] debug-file - Executing task :entry:default@ProcessProfile
[2026-04-23T02:54:30.384] [DEBUG] debug-file - Task 'entry:default@ProcessProfile' cost while wrapping incremental declarations: 1 ms 
[2026-04-23T02:54:30.385] [DEBUG] debug-file - Incremental task entry:default@ProcessProfile pre-execution cost: 1 ms .
[2026-04-23T02:54:30.385] [DEBUG] debug-file - entry : default@ProcessProfile cost memory 0.11089324951171875
[2026-04-23T02:54:30.385] [INFO] debug-file - UP-TO-DATE :entry:default@ProcessProfile...  
[2026-04-23T02:54:30.386] [DEBUG] debug-file - Executing task :entry:default@ProcessRouterMap
[2026-04-23T02:54:30.386] [DEBUG] debug-file - Incremental task entry:default@ProcessRouterMap pre-execution cost: 1 ms .
[2026-04-23T02:54:30.386] [DEBUG] debug-file - entry : default@ProcessRouterMap cost memory 0.0990447998046875
[2026-04-23T02:54:30.386] [INFO] debug-file - UP-TO-DATE :entry:default@ProcessRouterMap...  
[2026-04-23T02:54:30.387] [DEBUG] debug-file - Executing task :entry:default@ProcessShareConfig
[2026-04-23T02:54:30.387] [DEBUG] debug-file - Incremental task entry:default@ProcessShareConfig pre-execution cost: 1 ms .
[2026-04-23T02:54:30.387] [DEBUG] debug-file - entry : default@ProcessShareConfig cost memory 0.081634521484375
[2026-04-23T02:54:30.387] [INFO] debug-file - UP-TO-DATE :entry:default@ProcessShareConfig...  
[2026-04-23T02:54:30.388] [DEBUG] debug-file - Executing task :entry:default@ProcessStartupConfig
[2026-04-23T02:54:30.388] [DEBUG] debug-file - Task 'entry:default@ProcessStartupConfig' cost while wrapping incremental declarations: 1 ms 
[2026-04-23T02:54:30.388] [DEBUG] debug-file - entry:default@ProcessStartupConfig is not up-to-date, since the output file '/Users/muniao/Downloads/Pink_House/harmony_next/entry/.preview/default/intermediates/startup/default/startup_config.json' does not exist.
[2026-04-23T02:54:30.389] [DEBUG] debug-file - Incremental task entry:default@ProcessStartupConfig pre-execution cost: 1 ms .
[2026-04-23T02:54:30.390] [DEBUG] debug-file - entry : default@ProcessStartupConfig cost memory 0.0755462646484375
[2026-04-23T02:54:30.390] [DEBUG] debug-file - runTaskFromQueue task cost before running: 176 ms 
[2026-04-23T02:54:30.390] [INFO] debug-file - Finished :entry:default@ProcessStartupConfig... after 3 ms 
[2026-04-23T02:54:30.393] [DEBUG] debug-file - restool module names: entry; moduleName=entry, taskName=default@PreviewProcessResource
[2026-04-23T02:54:30.394] [DEBUG] debug-file - Executing task :entry:default@PreviewProcessResource
[2026-04-23T02:54:30.397] [DEBUG] debug-file - Task 'entry:default@PreviewProcessResource' cost while wrapping incremental declarations: 1 ms 
[2026-04-23T02:54:30.400] [DEBUG] debug-file - entry : default@PreviewProcessResource cost memory 0.04351806640625
[2026-04-23T02:54:30.400] [DEBUG] debug-file - runTaskFromQueue task cost before running: 187 ms 
[2026-04-23T02:54:30.400] [INFO] debug-file - Finished :entry:default@PreviewProcessResource... after 6 ms 
[2026-04-23T02:54:30.401] [DEBUG] debug-file - Executing task :entry:default@GenerateLoaderJson
[2026-04-23T02:54:30.405] [DEBUG] debug-file - Task 'entry:default@GenerateLoaderJson' cost while wrapping incremental declarations: 1 ms 
[2026-04-23T02:54:30.408] [DEBUG] debug-file - Incremental task entry:default@GenerateLoaderJson pre-execution cost: 2 ms .
[2026-04-23T02:54:30.408] [DEBUG] debug-file - entry : default@GenerateLoaderJson cost memory -3.24395751953125
[2026-04-23T02:54:30.409] [INFO] debug-file - UP-TO-DATE :entry:default@GenerateLoaderJson...  
[2026-04-23T02:54:30.409] [DEBUG] debug-file - restool module names: entry; moduleName=entry, taskName=default@PreviewCompileResource
[2026-04-23T02:54:30.410] [DEBUG] debug-file - Executing task :entry:default@PreviewCompileResource
[2026-04-23T02:54:30.413] [DEBUG] debug-file - Incremental task entry:default@PreviewCompileResource pre-execution cost: 3 ms .
[2026-04-23T02:54:30.413] [DEBUG] debug-file - entry : default@PreviewCompileResource cost memory 0.25951385498046875
[2026-04-23T02:54:30.413] [INFO] debug-file - UP-TO-DATE :entry:default@PreviewCompileResource...  
[2026-04-23T02:54:30.413] [DEBUG] debug-file - Executing task :entry:default@PreviewHookCompileResource
[2026-04-23T02:54:30.413] [DEBUG] debug-file - entry : default@PreviewHookCompileResource cost memory 0.0140380859375
[2026-04-23T02:54:30.414] [DEBUG] debug-file - runTaskFromQueue task cost before running: 200 ms 
[2026-04-23T02:54:30.414] [INFO] debug-file - Finished :entry:default@PreviewHookCompileResource... after 1 ms 
[2026-04-23T02:54:30.414] [DEBUG] debug-file - Executing task :entry:default@CopyPreviewProfile
[2026-04-23T02:54:30.414] [DEBUG] debug-file - Incremental task entry:default@CopyPreviewProfile pre-execution cost: 1 ms .
[2026-04-23T02:54:30.414] [DEBUG] debug-file - entry : default@CopyPreviewProfile cost memory 0.0533599853515625
[2026-04-23T02:54:30.414] [INFO] debug-file - UP-TO-DATE :entry:default@CopyPreviewProfile...  
[2026-04-23T02:54:30.414] [DEBUG] debug-file - Executing task :entry:default@ReplacePreviewerPage
[2026-04-23T02:54:30.415] [DEBUG] debug-file - entry : default@ReplacePreviewerPage cost memory 0.01399993896484375
[2026-04-23T02:54:30.415] [DEBUG] debug-file - runTaskFromQueue task cost before running: 201 ms 
[2026-04-23T02:54:30.415] [INFO] debug-file - Finished :entry:default@ReplacePreviewerPage... after 1 ms 
[2026-04-23T02:54:30.415] [DEBUG] debug-file - Executing task :entry:buildPreviewerResource
[2026-04-23T02:54:30.415] [DEBUG] debug-file - entry : buildPreviewerResource cost memory 0.07611083984375
[2026-04-23T02:54:30.415] [DEBUG] debug-file - runTaskFromQueue task cost before running: 201 ms 
[2026-04-23T02:54:30.415] [INFO] debug-file - Finished :entry:buildPreviewerResource... after 1 ms 
[2026-04-23T02:54:30.415] [DEBUG] debug-file - Executing task :entry:default@PreviewUpdateAssets
[2026-04-23T02:54:30.417] [DEBUG] debug-file - Incremental task entry:default@PreviewUpdateAssets pre-execution cost: 1 ms .
[2026-04-23T02:54:30.417] [DEBUG] debug-file - entry : default@PreviewUpdateAssets cost memory 0.08246612548828125
[2026-04-23T02:54:30.417] [INFO] debug-file - UP-TO-DATE :entry:default@PreviewUpdateAssets...  
[2026-04-23T02:54:30.418] [DEBUG] debug-file - Executing task :entry:default@PreviewArkTS
[2026-04-23T02:54:30.418] [DEBUG] debug-file - obfuscationOptions: undefined
[2026-04-23T02:54:30.419] [DEBUG] debug-file - Task 'entry:default@PreviewArkTS' cost while wrapping incremental declarations: 1 ms 
[2026-04-23T02:54:30.427] [DEBUG] debug-file - entry:default@PreviewArkTS is not up-to-date, since the output file '/Users/muniao/Downloads/Pink_House/harmony_next/entry/.preview/default/intermediates/loader_out/default/ets' does not exist.
[2026-04-23T02:54:30.427] [DEBUG] debug-file - Incremental task entry:default@PreviewArkTS pre-execution cost: 7 ms .
[2026-04-23T02:54:30.430] [DEBUG] debug-file - No watchWorker available for preview
[2026-04-23T02:54:30.430] [DEBUG] debug-file - Can not reuse worker, create new worker for preview
[2026-04-23T02:54:30.502] [DEBUG] debug-file - session manager: binding session. socketId=0dG5NFoFk0uqJeKnAAAZ, threadId=1@5.
[2026-04-23T02:54:30.432] [DEBUG] debug-file - entry : default@PreviewArkTS cost memory 1.3355026245117188
[2026-04-23T02:54:32.649] [DEBUG] debug-file - watch worker: send response to session manager. Response type: WatchStart
[2026-04-23T02:54:32.650] [DEBUG] debug-file - session manager: watch message received from worker 1. Type: WatchStart
[2026-04-23T02:54:35.588] [DEBUG] debug-file - watch worker: send response to session manager. Response type: WatchLog
[2026-04-23T02:54:35.590] [DEBUG] debug-file - session manager: watch message received from worker 1. Type: WatchLog
[2026-04-23T02:54:35.588] [DEBUG] debug-file - watch worker: send response to session manager. Response type: WatchLog
[2026-04-23T02:54:35.591] [DEBUG] debug-file - session manager: watch message received from worker 1. Type: WatchLog
[2026-04-23T02:54:35.588] [DEBUG] debug-file - watch worker: send response to session manager. Response type: WatchLog
[2026-04-23T02:54:35.592] [DEBUG] debug-file - session manager: watch message received from worker 1. Type: WatchLog
[2026-04-23T02:54:35.588] [DEBUG] debug-file - watch worker: send response to session manager. Response type: WatchLog
[2026-04-23T02:54:35.592] [DEBUG] debug-file - session manager: watch message received from worker 1. Type: WatchLog
[2026-04-23T02:54:35.588] [DEBUG] debug-file - watch worker: send response to session manager. Response type: WatchLog
[2026-04-23T02:54:35.593] [DEBUG] debug-file - session manager: watch message received from worker 1. Type: WatchLog
[2026-04-23T02:54:35.588] [DEBUG] debug-file - watch worker: send response to session manager. Response type: WatchLog
[2026-04-23T02:54:35.594] [DEBUG] debug-file - session manager: watch message received from worker 1. Type: WatchLog
[2026-04-23T02:54:35.588] [DEBUG] debug-file - watch worker: send response to session manager. Response type: WatchLog
[2026-04-23T02:54:35.594] [DEBUG] debug-file - session manager: watch message received from worker 1. Type: WatchLog
[2026-04-23T02:54:35.588] [DEBUG] debug-file - watch worker: send response to session manager. Response type: WatchLog
[2026-04-23T02:54:35.597] [DEBUG] debug-file - session manager: watch message received from worker 1. Type: WatchLog
[2026-04-23T02:54:35.588] [DEBUG] debug-file - watch worker: send response to session manager. Response type: WatchLog
[2026-04-23T02:54:35.597] [DEBUG] debug-file - session manager: watch message received from worker 1. Type: WatchLog
[2026-04-23T02:54:35.589] [DEBUG] debug-file - watch worker: send response to session manager. Response type: WatchLog
[2026-04-23T02:54:35.598] [DEBUG] debug-file - session manager: watch message received from worker 1. Type: WatchLog
[2026-04-23T02:54:35.589] [DEBUG] debug-file - watch worker: send response to session manager. Response type: WatchLog
[2026-04-23T02:54:35.598] [DEBUG] debug-file - session manager: watch message received from worker 1. Type: WatchLog
[2026-04-23T02:54:35.589] [DEBUG] debug-file - watch worker: send response to session manager. Response type: WatchLog
[2026-04-23T02:54:35.610] [DEBUG] debug-file - session manager: watch message received from worker 1. Type: WatchLog
[2026-04-23T02:54:35.589] [DEBUG] debug-file - watch worker: send response to session manager. Response type: WatchLog
[2026-04-23T02:54:35.612] [DEBUG] debug-file - session manager: watch message received from worker 1. Type: WatchLog
[2026-04-23T02:54:35.589] [DEBUG] debug-file - watch worker: send response to session manager. Response type: WatchLog
[2026-04-23T02:54:35.614] [DEBUG] debug-file - session manager: watch message received from worker 1. Type: WatchLog
[2026-04-23T02:54:35.589] [DEBUG] debug-file - watch worker: send response to session manager. Response type: WatchLog
[2026-04-23T02:54:35.615] [DEBUG] debug-file - session manager: watch message received from worker 1. Type: WatchLog
[2026-04-23T02:54:35.589] [DEBUG] debug-file - watch worker: send response to session manager. Response type: WatchLog
[2026-04-23T02:54:35.616] [DEBUG] debug-file - session manager: watch message received from worker 1. Type: WatchLog
[2026-04-23T02:54:35.589] [DEBUG] debug-file - watch worker: send response to session manager. Response type: WatchLog
[2026-04-23T02:54:35.617] [DEBUG] debug-file - session manager: watch message received from worker 1. Type: WatchLog
[2026-04-23T02:54:35.589] [DEBUG] debug-file - watch worker: send response to session manager. Response type: WatchLog
[2026-04-23T02:54:35.618] [DEBUG] debug-file - session manager: watch message received from worker 1. Type: WatchLog
[2026-04-23T02:54:35.589] [DEBUG] debug-file - watch worker: send response to session manager. Response type: WatchLog
[2026-04-23T02:54:35.618] [DEBUG] debug-file - session manager: watch message received from worker 1. Type: WatchLog
[2026-04-23T02:54:35.590] [DEBUG] debug-file - watch worker: send response to session manager. Response type: WatchLog
[2026-04-23T02:54:35.619] [DEBUG] debug-file - session manager: watch message received from worker 1. Type: WatchLog
[2026-04-23T02:54:35.590] [DEBUG] debug-file - watch worker: send response to session manager. Response type: WatchLog
[2026-04-23T02:54:35.619] [DEBUG] debug-file - session manager: watch message received from worker 1. Type: WatchLog
[2026-04-23T02:54:35.590] [DEBUG] debug-file - watch worker: send response to session manager. Response type: WatchLog
[2026-04-23T02:54:35.620] [DEBUG] debug-file - session manager: watch message received from worker 1. Type: WatchLog
[2026-04-23T02:54:35.590] [DEBUG] debug-file - watch worker: send response to session manager. Response type: WatchLog
[2026-04-23T02:54:35.621] [DEBUG] debug-file - session manager: watch message received from worker 1. Type: WatchLog
[2026-04-23T02:54:35.590] [DEBUG] debug-file - watch worker: send response to session manager. Response type: WatchLog
[2026-04-23T02:54:35.621] [DEBUG] debug-file - session manager: watch message received from worker 1. Type: WatchLog
[2026-04-23T02:54:35.590] [DEBUG] debug-file - watch worker: send response to session manager. Response type: WatchLog
[2026-04-23T02:54:35.621] [DEBUG] debug-file - session manager: watch message received from worker 1. Type: WatchLog
[2026-04-23T02:54:35.590] [DEBUG] debug-file - watch worker: send response to session manager. Response type: WatchLog
[2026-04-23T02:54:35.621] [DEBUG] debug-file - session manager: watch message received from worker 1. Type: WatchLog
[2026-04-23T02:54:35.590] [DEBUG] debug-file - watch worker: send response to session manager. Response type: WatchLog
[2026-04-23T02:54:35.621] [DEBUG] debug-file - session manager: watch message received from worker 1. Type: WatchLog
[2026-04-23T02:54:35.590] [DEBUG] debug-file - watch worker: send response to session manager. Response type: WatchLog
[2026-04-23T02:54:35.621] [DEBUG] debug-file - session manager: watch message received from worker 1. Type: WatchLog
[2026-04-23T02:54:35.590] [DEBUG] debug-file - watch worker: send response to session manager. Response type: WatchLog
[2026-04-23T02:54:35.621] [DEBUG] debug-file - session manager: watch message received from worker 1. Type: WatchLog
[2026-04-23T02:54:35.590] [DEBUG] debug-file - watch worker: send response to session manager. Response type: WatchLog
[2026-04-23T02:54:35.621] [DEBUG] debug-file - session manager: watch message received from worker 1. Type: WatchLog
[2026-04-23T02:54:35.590] [DEBUG] debug-file - watch worker: send response to session manager. Response type: WatchLog
[2026-04-23T02:54:35.622] [DEBUG] debug-file - session manager: watch message received from worker 1. Type: WatchLog
[2026-04-23T02:54:35.590] [DEBUG] debug-file - watch worker: send response to session manager. Response type: WatchLog
[2026-04-23T02:54:35.622] [DEBUG] debug-file - session manager: watch message received from worker 1. Type: WatchLog
[2026-04-23T02:54:35.590] [DEBUG] debug-file - watch worker: send response to session manager. Response type: WatchLog
[2026-04-23T02:54:35.622] [DEBUG] debug-file - session manager: watch message received from worker 1. Type: WatchLog
[2026-04-23T02:54:35.590] [DEBUG] debug-file - watch worker: send response to session manager. Response type: WatchLog
[2026-04-23T02:54:35.622] [DEBUG] debug-file - session manager: watch message received from worker 1. Type: WatchLog
[2026-04-23T02:54:35.590] [DEBUG] debug-file - watch worker: send response to session manager. Response type: WatchLog
[2026-04-23T02:54:35.622] [DEBUG] debug-file - session manager: watch message received from worker 1. Type: WatchLog
[2026-04-23T02:54:35.590] [DEBUG] debug-file - watch worker: send response to session manager. Response type: WatchLog
[2026-04-23T02:54:35.622] [DEBUG] debug-file - session manager: watch message received from worker 1. Type: WatchLog
[2026-04-23T02:54:35.590] [DEBUG] debug-file - watch worker: send response to session manager. Response type: WatchLog
[2026-04-23T02:54:35.622] [DEBUG] debug-file - session manager: watch message received from worker 1. Type: WatchLog
[2026-04-23T02:54:35.590] [DEBUG] debug-file - watch worker: send response to session manager. Response type: WatchLog
[2026-04-23T02:54:35.622] [DEBUG] debug-file - session manager: watch message received from worker 1. Type: WatchLog
[2026-04-23T02:54:35.590] [DEBUG] debug-file - watch worker: send response to session manager. Response type: WatchLog
[2026-04-23T02:54:35.622] [DEBUG] debug-file - session manager: watch message received from worker 1. Type: WatchLog
[2026-04-23T02:54:35.590] [DEBUG] debug-file - watch worker: send response to session manager. Response type: WatchLog
[2026-04-23T02:54:35.622] [DEBUG] debug-file - session manager: watch message received from worker 1. Type: WatchLog
[2026-04-23T02:54:35.590] [DEBUG] debug-file - watch worker: send response to session manager. Response type: WatchLog
[2026-04-23T02:54:35.623] [DEBUG] debug-file - session manager: watch message received from worker 1. Type: WatchLog
[2026-04-23T02:54:35.590] [DEBUG] debug-file - watch worker: send response to session manager. Response type: WatchLog
[2026-04-23T02:54:35.623] [DEBUG] debug-file - session manager: watch message received from worker 1. Type: WatchLog
[2026-04-23T02:54:35.591] [DEBUG] debug-file - watch worker: send response to session manager. Response type: WatchLog
[2026-04-23T02:54:35.624] [DEBUG] debug-file - session manager: watch message received from worker 1. Type: WatchLog
[2026-04-23T02:54:35.591] [DEBUG] debug-file - watch worker: send response to session manager. Response type: WatchLog
[2026-04-23T02:54:35.624] [DEBUG] debug-file - session manager: watch message received from worker 1. Type: WatchLog
[2026-04-23T02:54:35.591] [DEBUG] debug-file - watch worker: send response to session manager. Response type: WatchLog
[2026-04-23T02:54:35.624] [DEBUG] debug-file - session manager: watch message received from worker 1. Type: WatchLog
[2026-04-23T02:54:35.591] [DEBUG] debug-file - watch worker: send response to session manager. Response type: WatchLog
[2026-04-23T02:54:35.624] [DEBUG] debug-file - session manager: watch message received from worker 1. Type: WatchLog
[2026-04-23T02:54:35.591] [DEBUG] debug-file - watch worker: send response to session manager. Response type: WatchLog
[2026-04-23T02:54:35.624] [DEBUG] debug-file - session manager: watch message received from worker 1. Type: WatchLog
[2026-04-23T02:54:35.591] [DEBUG] debug-file - watch worker: send response to session manager. Response type: WatchLog
[2026-04-23T02:54:35.624] [DEBUG] debug-file - session manager: watch message received from worker 1. Type: WatchLog
[2026-04-23T02:54:35.591] [DEBUG] debug-file - watch worker: send response to session manager. Response type: WatchLog
[2026-04-23T02:54:35.624] [DEBUG] debug-file - session manager: watch message received from worker 1. Type: WatchLog
[2026-04-23T02:54:35.591] [DEBUG] debug-file - watch worker: send response to session manager. Response type: WatchLog
[2026-04-23T02:54:35.625] [DEBUG] debug-file - session manager: watch message received from worker 1. Type: WatchLog
[2026-04-23T02:54:35.591] [DEBUG] debug-file - watch worker: send response to session manager. Response type: WatchLog
[2026-04-23T02:54:35.625] [DEBUG] debug-file - session manager: watch message received from worker 1. Type: WatchLog
[2026-04-23T02:54:35.591] [DEBUG] debug-file - watch worker: send response to session manager. Response type: WatchLog
[2026-04-23T02:54:35.625] [DEBUG] debug-file - session manager: watch message received from worker 1. Type: WatchLog
[2026-04-23T02:54:35.591] [DEBUG] debug-file - watch worker: send response to session manager. Response type: WatchLog
[2026-04-23T02:54:35.625] [DEBUG] debug-file - session manager: watch message received from worker 1. Type: WatchLog
[2026-04-23T02:54:35.591] [DEBUG] debug-file - watch worker: send response to session manager. Response type: WatchLog
[2026-04-23T02:54:35.625] [DEBUG] debug-file - session manager: watch message received from worker 1. Type: WatchLog
[2026-04-23T02:54:35.591] [DEBUG] debug-file - watch worker: send response to session manager. Response type: WatchLog
[2026-04-23T02:54:35.625] [DEBUG] debug-file - session manager: watch message received from worker 1. Type: WatchLog
[2026-04-23T02:54:35.591] [DEBUG] debug-file - watch worker: send response to session manager. Response type: WatchLog
[2026-04-23T02:54:35.625] [DEBUG] debug-file - session manager: watch message received from worker 1. Type: WatchLog
[2026-04-23T02:54:35.591] [DEBUG] debug-file - watch worker: send response to session manager. Response type: WatchLog
[2026-04-23T02:54:35.625] [DEBUG] debug-file - session manager: watch message received from worker 1. Type: WatchLog
[2026-04-23T02:54:35.591] [DEBUG] debug-file - watch worker: send response to session manager. Response type: WatchLog
[2026-04-23T02:54:35.625] [DEBUG] debug-file - session manager: watch message received from worker 1. Type: WatchLog
[2026-04-23T02:54:35.591] [DEBUG] debug-file - watch worker: send response to session manager. Response type: WatchLog
[2026-04-23T02:54:35.625] [DEBUG] debug-file - session manager: watch message received from worker 1. Type: WatchLog
[2026-04-23T02:54:35.591] [DEBUG] debug-file - watch worker: send response to session manager. Response type: WatchLog
[2026-04-23T02:54:35.626] [DEBUG] debug-file - session manager: watch message received from worker 1. Type: WatchLog
[2026-04-23T02:54:35.591] [DEBUG] debug-file - watch worker: send response to session manager. Response type: WatchLog
[2026-04-23T02:54:35.626] [DEBUG] debug-file - session manager: watch message received from worker 1. Type: WatchLog
[2026-04-23T02:54:35.591] [DEBUG] debug-file - watch worker: send response to session manager. Response type: WatchLog
[2026-04-23T02:54:35.626] [DEBUG] debug-file - session manager: watch message received from worker 1. Type: WatchLog
[2026-04-23T02:54:35.591] [DEBUG] debug-file - watch worker: send response to session manager. Response type: WatchLog
[2026-04-23T02:54:35.626] [DEBUG] debug-file - session manager: watch message received from worker 1. Type: WatchLog
[2026-04-23T02:54:35.591] [DEBUG] debug-file - watch worker: send response to session manager. Response type: WatchLog
[2026-04-23T02:54:35.626] [DEBUG] debug-file - session manager: watch message received from worker 1. Type: WatchLog
[2026-04-23T02:54:35.591] [DEBUG] debug-file - watch worker: send response to session manager. Response type: WatchLog
[2026-04-23T02:54:35.627] [DEBUG] debug-file - session manager: watch message received from worker 1. Type: WatchLog
[2026-04-23T02:54:35.591] [DEBUG] debug-file - watch worker: send response to session manager. Response type: WatchLog
[2026-04-23T02:54:35.628] [DEBUG] debug-file - session manager: watch message received from worker 1. Type: WatchLog
[2026-04-23T02:54:35.591] [DEBUG] debug-file - watch worker: send response to session manager. Response type: WatchLog
[2026-04-23T02:54:35.628] [DEBUG] debug-file - session manager: watch message received from worker 1. Type: WatchLog
[2026-04-23T02:54:35.592] [DEBUG] debug-file - watch worker: send response to session manager. Response type: WatchLog
[2026-04-23T02:54:35.629] [DEBUG] debug-file - session manager: watch message received from worker 1. Type: WatchLog
[2026-04-23T02:54:35.592] [DEBUG] debug-file - watch worker: send response to session manager. Response type: WatchLog
[2026-04-23T02:54:35.629] [DEBUG] debug-file - session manager: watch message received from worker 1. Type: WatchLog
[2026-04-23T02:54:35.592] [DEBUG] debug-file - watch worker: send response to session manager. Response type: WatchLog
[2026-04-23T02:54:35.629] [DEBUG] debug-file - session manager: watch message received from worker 1. Type: WatchLog
[2026-04-23T02:54:35.592] [DEBUG] debug-file - watch worker: send response to session manager. Response type: WatchLog
[2026-04-23T02:54:35.629] [DEBUG] debug-file - session manager: watch message received from worker 1. Type: WatchLog
[2026-04-23T02:54:35.592] [DEBUG] debug-file - watch worker: send response to session manager. Response type: WatchLog
[2026-04-23T02:54:35.630] [DEBUG] debug-file - session manager: watch message received from worker 1. Type: WatchLog
[2026-04-23T02:54:35.592] [DEBUG] debug-file - watch worker: send response to session manager. Response type: WatchLog
[2026-04-23T02:54:35.631] [DEBUG] debug-file - session manager: watch message received from worker 1. Type: WatchLog
[2026-04-23T02:54:35.592] [DEBUG] debug-file - watch worker: send response to session manager. Response type: WatchLog
[2026-04-23T02:54:35.632] [DEBUG] debug-file - session manager: watch message received from worker 1. Type: WatchLog
[2026-04-23T02:54:35.592] [DEBUG] debug-file - watch worker: send response to session manager. Response type: WatchLog
[2026-04-23T02:54:35.632] [DEBUG] debug-file - session manager: watch message received from worker 1. Type: WatchLog
[2026-04-23T02:54:35.592] [DEBUG] debug-file - watch worker: send response to session manager. Response type: WatchLog
[2026-04-23T02:54:35.633] [DEBUG] debug-file - session manager: watch message received from worker 1. Type: WatchLog
[2026-04-23T02:54:35.592] [DEBUG] debug-file - watch worker: send response to session manager. Response type: WatchLog
[2026-04-23T02:54:35.633] [DEBUG] debug-file - session manager: watch message received from worker 1. Type: WatchLog
[2026-04-23T02:54:35.592] [DEBUG] debug-file - watch worker: send response to session manager. Response type: WatchLog
[2026-04-23T02:54:35.633] [DEBUG] debug-file - session manager: watch message received from worker 1. Type: WatchLog
[2026-04-23T02:54:35.592] [DEBUG] debug-file - watch worker: send response to session manager. Response type: WatchLog
[2026-04-23T02:54:35.634] [DEBUG] debug-file - session manager: watch message received from worker 1. Type: WatchLog
[2026-04-23T02:54:35.592] [DEBUG] debug-file - watch worker: send response to session manager. Response type: WatchLog
[2026-04-23T02:54:35.636] [DEBUG] debug-file - session manager: watch message received from worker 1. Type: WatchLog
[2026-04-23T02:54:35.592] [DEBUG] debug-file - watch worker: send response to session manager. Response type: WatchLog
[2026-04-23T02:54:35.636] [DEBUG] debug-file - session manager: watch message received from worker 1. Type: WatchLog
[2026-04-23T02:54:35.593] [DEBUG] debug-file - watch worker: send response to session manager. Response type: WatchLog
[2026-04-23T02:54:35.636] [DEBUG] debug-file - session manager: watch message received from worker 1. Type: WatchLog
[2026-04-23T02:54:35.593] [DEBUG] debug-file - watch worker: send response to session manager. Response type: WatchLog
[2026-04-23T02:54:35.638] [DEBUG] debug-file - session manager: watch message received from worker 1. Type: WatchLog
[2026-04-23T02:54:35.593] [DEBUG] debug-file - watch worker: send response to session manager. Response type: WatchLog
[2026-04-23T02:54:35.638] [DEBUG] debug-file - session manager: watch message received from worker 1. Type: WatchLog
[2026-04-23T02:54:35.593] [DEBUG] debug-file - watch worker: send response to session manager. Response type: WatchLog
[2026-04-23T02:54:35.639] [DEBUG] debug-file - session manager: watch message received from worker 1. Type: WatchLog
[2026-04-23T02:54:35.593] [DEBUG] debug-file - watch worker: send response to session manager. Response type: WatchLog
[2026-04-23T02:54:35.640] [DEBUG] debug-file - session manager: watch message received from worker 1. Type: WatchLog
[2026-04-23T02:54:35.593] [DEBUG] debug-file - watch worker: send response to session manager. Response type: WatchLog
[2026-04-23T02:54:35.640] [DEBUG] debug-file - session manager: watch message received from worker 1. Type: WatchLog
[2026-04-23T02:54:35.593] [DEBUG] debug-file - watch worker: send response to session manager. Response type: WatchLog
[2026-04-23T02:54:35.641] [DEBUG] debug-file - session manager: watch message received from worker 1. Type: WatchLog
[2026-04-23T02:54:35.594] [DEBUG] debug-file - watch worker: send response to session manager. Response type: WatchLog
[2026-04-23T02:54:35.642] [DEBUG] debug-file - session manager: watch message received from worker 1. Type: WatchLog
[2026-04-23T02:54:35.594] [DEBUG] debug-file - watch worker: send response to session manager. Response type: WatchLog
[2026-04-23T02:54:35.642] [DEBUG] debug-file - session manager: watch message received from worker 1. Type: WatchLog
[2026-04-23T02:54:35.594] [DEBUG] debug-file - watch worker: send response to session manager. Response type: WatchLog
[2026-04-23T02:54:35.643] [DEBUG] debug-file - session manager: watch message received from worker 1. Type: WatchLog
[2026-04-23T02:54:35.594] [DEBUG] debug-file - watch worker: send response to session manager. Response type: WatchLog
[2026-04-23T02:54:35.643] [DEBUG] debug-file - session manager: watch message received from worker 1. Type: WatchLog
[2026-04-23T02:54:35.594] [DEBUG] debug-file - watch worker: send response to session manager. Response type: WatchLog
[2026-04-23T02:54:35.644] [DEBUG] debug-file - session manager: watch message received from worker 1. Type: WatchLog
[2026-04-23T02:54:35.594] [DEBUG] debug-file - watch worker: send response to session manager. Response type: WatchLog
[2026-04-23T02:54:35.644] [DEBUG] debug-file - session manager: watch message received from worker 1. Type: WatchLog
[2026-04-23T02:54:35.594] [DEBUG] debug-file - watch worker: send response to session manager. Response type: WatchLog
[2026-04-23T02:54:35.644] [DEBUG] debug-file - session manager: watch message received from worker 1. Type: WatchLog
[2026-04-23T02:54:35.594] [DEBUG] debug-file - watch worker: send response to session manager. Response type: WatchLog
[2026-04-23T02:54:35.645] [DEBUG] debug-file - session manager: watch message received from worker 1. Type: WatchLog
[2026-04-23T02:54:35.594] [DEBUG] debug-file - watch worker: send response to session manager. Response type: WatchLog
[2026-04-23T02:54:35.645] [DEBUG] debug-file - session manager: watch message received from worker 1. Type: WatchLog
[2026-04-23T02:54:35.594] [DEBUG] debug-file - watch worker: send response to session manager. Response type: WatchLog
[2026-04-23T02:54:35.646] [DEBUG] debug-file - session manager: watch message received from worker 1. Type: WatchLog
[2026-04-23T02:54:35.594] [DEBUG] debug-file - watch worker: send response to session manager. Response type: WatchLog
[2026-04-23T02:54:35.646] [DEBUG] debug-file - session manager: watch message received from worker 1. Type: WatchLog
[2026-04-23T02:54:35.594] [DEBUG] debug-file - watch worker: send response to session manager. Response type: WatchLog
[2026-04-23T02:54:35.646] [DEBUG] debug-file - session manager: watch message received from worker 1. Type: WatchLog
[2026-04-23T02:54:35.594] [DEBUG] debug-file - watch worker: send response to session manager. Response type: WatchLog
[2026-04-23T02:54:35.646] [DEBUG] debug-file - session manager: watch message received from worker 1. Type: WatchLog
[2026-04-23T02:54:35.595] [DEBUG] debug-file - watch worker: send response to session manager. Response type: WatchLog
[2026-04-23T02:54:35.647] [DEBUG] debug-file - session manager: watch message received from worker 1. Type: WatchLog
[2026-04-23T02:54:35.595] [DEBUG] debug-file - watch worker: send response to session manager. Response type: WatchLog
[2026-04-23T02:54:35.647] [DEBUG] debug-file - session manager: watch message received from worker 1. Type: WatchLog
[2026-04-23T02:54:35.595] [DEBUG] debug-file - watch worker: send response to session manager. Response type: WatchLog
[2026-04-23T02:54:35.647] [DEBUG] debug-file - session manager: watch message received from worker 1. Type: WatchLog
[2026-04-23T02:54:35.595] [DEBUG] debug-file - watch worker: send response to session manager. Response type: WatchLog
[2026-04-23T02:54:35.647] [DEBUG] debug-file - session manager: watch message received from worker 1. Type: WatchLog
[2026-04-23T02:54:35.595] [DEBUG] debug-file - watch worker: send response to session manager. Response type: WatchLog
[2026-04-23T02:54:35.647] [DEBUG] debug-file - session manager: watch message received from worker 1. Type: WatchLog
[2026-04-23T02:54:35.595] [DEBUG] debug-file - watch worker: send response to session manager. Response type: WatchLog
[2026-04-23T02:54:35.647] [DEBUG] debug-file - session manager: watch message received from worker 1. Type: WatchLog
[2026-04-23T02:54:35.595] [DEBUG] debug-file - watch worker: send response to session manager. Response type: WatchLog
[2026-04-23T02:54:35.647] [DEBUG] debug-file - session manager: watch message received from worker 1. Type: WatchLog
[2026-04-23T02:54:35.595] [DEBUG] debug-file - watch worker: send response to session manager. Response type: WatchLog
[2026-04-23T02:54:35.647] [DEBUG] debug-file - session manager: watch message received from worker 1. Type: WatchLog
[2026-04-23T02:54:35.595] [DEBUG] debug-file - watch worker: send response to session manager. Response type: WatchLog
[2026-04-23T02:54:35.648] [DEBUG] debug-file - session manager: watch message received from worker 1. Type: WatchLog
[2026-04-23T02:54:35.595] [DEBUG] debug-file - watch worker: send response to session manager. Response type: WatchLog
[2026-04-23T02:54:35.648] [DEBUG] debug-file - session manager: watch message received from worker 1. Type: WatchLog
[2026-04-23T02:54:35.595] [DEBUG] debug-file - watch worker: send response to session manager. Response type: WatchLog
[2026-04-23T02:54:35.648] [DEBUG] debug-file - session manager: watch message received from worker 1. Type: WatchLog
[2026-04-23T02:54:35.595] [DEBUG] debug-file - watch worker: send response to session manager. Response type: WatchLog
[2026-04-23T02:54:35.648] [DEBUG] debug-file - session manager: watch message received from worker 1. Type: WatchLog
[2026-04-23T02:54:35.595] [DEBUG] debug-file - watch worker: send response to session manager. Response type: WatchLog
[2026-04-23T02:54:35.648] [DEBUG] debug-file - session manager: watch message received from worker 1. Type: WatchLog
[2026-04-23T02:54:35.595] [DEBUG] debug-file - watch worker: send response to session manager. Response type: WatchLog
[2026-04-23T02:54:35.648] [DEBUG] debug-file - session manager: watch message received from worker 1. Type: WatchLog
[2026-04-23T02:54:35.595] [DEBUG] debug-file - watch worker: send response to session manager. Response type: WatchLog
[2026-04-23T02:54:35.648] [DEBUG] debug-file - session manager: watch message received from worker 1. Type: WatchLog
[2026-04-23T02:54:35.595] [DEBUG] debug-file - watch worker: send response to session manager. Response type: WatchLog
[2026-04-23T02:54:35.650] [DEBUG] debug-file - session manager: watch message received from worker 1. Type: WatchLog
[2026-04-23T02:54:35.595] [DEBUG] debug-file - watch worker: send response to session manager. Response type: WatchLog
[2026-04-23T02:54:35.650] [DEBUG] debug-file - session manager: watch message received from worker 1. Type: WatchLog
[2026-04-23T02:54:35.595] [DEBUG] debug-file - watch worker: send response to session manager. Response type: WatchLog
[2026-04-23T02:54:35.650] [DEBUG] debug-file - session manager: watch message received from worker 1. Type: WatchLog
[2026-04-23T02:54:35.595] [DEBUG] debug-file - watch worker: send response to session manager. Response type: WatchLog
[2026-04-23T02:54:35.650] [DEBUG] debug-file - session manager: watch message received from worker 1. Type: WatchLog
[2026-04-23T02:54:35.596] [DEBUG] debug-file - watch worker: send response to session manager. Response type: WatchLog
[2026-04-23T02:54:35.650] [DEBUG] debug-file - session manager: watch message received from worker 1. Type: WatchLog
[2026-04-23T02:54:35.596] [DEBUG] debug-file - watch worker: send response to session manager. Response type: WatchLog
[2026-04-23T02:54:35.650] [DEBUG] debug-file - session manager: watch message received from worker 1. Type: WatchLog
[2026-04-23T02:54:35.596] [DEBUG] debug-file - watch worker: send response to session manager. Response type: WatchLog
[2026-04-23T02:54:35.651] [DEBUG] debug-file - session manager: watch message received from worker 1. Type: WatchLog
[2026-04-23T02:54:35.596] [DEBUG] debug-file - watch worker: send response to session manager. Response type: WatchLog
[2026-04-23T02:54:35.651] [DEBUG] debug-file - session manager: watch message received from worker 1. Type: WatchLog
[2026-04-23T02:54:35.596] [DEBUG] debug-file - watch worker: send response to session manager. Response type: WatchLog
[2026-04-23T02:54:35.651] [DEBUG] debug-file - session manager: watch message received from worker 1. Type: WatchLog
[2026-04-23T02:54:35.596] [DEBUG] debug-file - watch worker: send response to session manager. Response type: WatchLog
[2026-04-23T02:54:35.651] [DEBUG] debug-file - session manager: watch message received from worker 1. Type: WatchLog
[2026-04-23T02:54:35.596] [DEBUG] debug-file - watch worker: send response to session manager. Response type: WatchLog
[2026-04-23T02:54:35.651] [DEBUG] debug-file - session manager: watch message received from worker 1. Type: WatchLog
[2026-04-23T02:54:35.596] [DEBUG] debug-file - watch worker: send response to session manager. Response type: WatchLog
[2026-04-23T02:54:35.652] [DEBUG] debug-file - session manager: watch message received from worker 1. Type: WatchLog
[2026-04-23T02:54:35.596] [DEBUG] debug-file - watch worker: send response to session manager. Response type: WatchLog
[2026-04-23T02:54:35.652] [DEBUG] debug-file - session manager: watch message received from worker 1. Type: WatchLog
[2026-04-23T02:54:35.596] [DEBUG] debug-file - watch worker: send response to session manager. Response type: WatchLog
[2026-04-23T02:54:35.652] [DEBUG] debug-file - session manager: watch message received from worker 1. Type: WatchLog
[2026-04-23T02:54:35.596] [DEBUG] debug-file - watch worker: send response to session manager. Response type: WatchLog
[2026-04-23T02:54:35.652] [DEBUG] debug-file - session manager: watch message received from worker 1. Type: WatchLog
[2026-04-23T02:54:35.596] [DEBUG] debug-file - watch worker: send response to session manager. Response type: WatchLog
[2026-04-23T02:54:35.652] [DEBUG] debug-file - session manager: watch message received from worker 1. Type: WatchLog
[2026-04-23T02:54:35.596] [DEBUG] debug-file - watch worker: send response to session manager. Response type: WatchLog
[2026-04-23T02:54:35.654] [DEBUG] debug-file - session manager: watch message received from worker 1. Type: WatchLog
[2026-04-23T02:54:35.596] [DEBUG] debug-file - watch worker: send response to session manager. Response type: WatchLog
[2026-04-23T02:54:35.654] [DEBUG] debug-file - session manager: watch message received from worker 1. Type: WatchLog
[2026-04-23T02:54:35.596] [DEBUG] debug-file - watch worker: send response to session manager. Response type: WatchLog
[2026-04-23T02:54:35.654] [DEBUG] debug-file - session manager: watch message received from worker 1. Type: WatchLog
[2026-04-23T02:54:35.596] [DEBUG] debug-file - watch worker: send response to session manager. Response type: WatchLog
[2026-04-23T02:54:35.654] [DEBUG] debug-file - session manager: watch message received from worker 1. Type: WatchLog
[2026-04-23T02:54:35.596] [DEBUG] debug-file - watch worker: send response to session manager. Response type: WatchLog
[2026-04-23T02:54:35.654] [DEBUG] debug-file - session manager: watch message received from worker 1. Type: WatchLog
[2026-04-23T02:54:35.596] [DEBUG] debug-file - watch worker: send response to session manager. Response type: WatchLog
[2026-04-23T02:54:35.655] [DEBUG] debug-file - session manager: watch message received from worker 1. Type: WatchLog
[2026-04-23T02:54:35.596] [DEBUG] debug-file - watch worker: send response to session manager. Response type: WatchLog
[2026-04-23T02:54:35.655] [DEBUG] debug-file - session manager: watch message received from worker 1. Type: WatchLog
[2026-04-23T02:54:35.596] [DEBUG] debug-file - watch worker: send response to session manager. Response type: WatchLog
[2026-04-23T02:54:35.656] [DEBUG] debug-file - session manager: watch message received from worker 1. Type: WatchLog
[2026-04-23T02:54:35.596] [DEBUG] debug-file - watch worker: send response to session manager. Response type: WatchLog
[2026-04-23T02:54:35.656] [DEBUG] debug-file - session manager: watch message received from worker 1. Type: WatchLog
[2026-04-23T02:54:35.596] [DEBUG] debug-file - watch worker: send response to session manager. Response type: WatchLog
[2026-04-23T02:54:35.656] [DEBUG] debug-file - session manager: watch message received from worker 1. Type: WatchLog
[2026-04-23T02:54:35.596] [DEBUG] debug-file - watch worker: send response to session manager. Response type: WatchLog
[2026-04-23T02:54:35.656] [DEBUG] debug-file - session manager: watch message received from worker 1. Type: WatchLog
[2026-04-23T02:54:35.596] [DEBUG] debug-file - watch worker: send response to session manager. Response type: WatchLog
[2026-04-23T02:54:35.656] [DEBUG] debug-file - session manager: watch message received from worker 1. Type: WatchLog
[2026-04-23T02:54:35.596] [DEBUG] debug-file - watch worker: send response to session manager. Response type: WatchLog
[2026-04-23T02:54:35.656] [DEBUG] debug-file - session manager: watch message received from worker 1. Type: WatchLog
[2026-04-23T02:54:35.596] [DEBUG] debug-file - watch worker: send response to session manager. Response type: WatchLog
[2026-04-23T02:54:35.656] [DEBUG] debug-file - session manager: watch message received from worker 1. Type: WatchLog
[2026-04-23T02:54:35.596] [DEBUG] debug-file - watch worker: send response to session manager. Response type: WatchLog
[2026-04-23T02:54:35.657] [DEBUG] debug-file - session manager: watch message received from worker 1. Type: WatchLog
[2026-04-23T02:54:35.597] [DEBUG] debug-file - watch worker: send response to session manager. Response type: WatchLog
[2026-04-23T02:54:35.657] [DEBUG] debug-file - session manager: watch message received from worker 1. Type: WatchLog
[2026-04-23T02:54:35.597] [DEBUG] debug-file - watch worker: send response to session manager. Response type: WatchLog
[2026-04-23T02:54:35.657] [DEBUG] debug-file - session manager: watch message received from worker 1. Type: WatchLog
[2026-04-23T02:54:36.773] [DEBUG] debug-file - Ark compile finished.
[2026-04-23T02:54:36.773] [DEBUG] debug-file - watch worker: send response to session manager. Response type: WatchResult
[2026-04-23T02:54:36.775] [DEBUG] debug-file - session manager: watch message received from worker 1. Type: WatchResult
[2026-04-23T02:54:36.788] [INFO] debug-file - Finished :entry:default@PreviewArkTS... after 6 s 361 ms 
[2026-04-23T02:54:36.788] [DEBUG] debug-file - Executing task :entry:PreviewBuild
[2026-04-23T02:54:36.788] [DEBUG] debug-file - entry : PreviewBuild cost memory 0.01186370849609375
[2026-04-23T02:54:36.788] [DEBUG] debug-file - runTaskFromQueue task cost before running: 6 s 574 ms 
[2026-04-23T02:54:36.788] [INFO] debug-file - Finished :entry:PreviewBuild... after 1 ms 
[2026-04-23T02:54:36.789] [INFO] debug-file - BUILD SUCCESSFUL in 6 s 575 ms 
[2026-04-23T02:54:36.789] [DEBUG] debug-file - There is no need to refresh cache, since the incremental task entry:default@PreBuild is up-to-date.
[2026-04-23T02:54:36.789] [DEBUG] debug-file - Update task entry:default@CreateModuleInfo output file:/Users/muniao/Downloads/Pink_House/harmony_next/entry/.preview/default/generated/profile/default/ModuleInfo.ts cache.
[2026-04-23T02:54:36.789] [DEBUG] debug-file - Incremental task entry:default@CreateModuleInfo post-execution cost:1 ms .
[2026-04-23T02:54:36.789] [DEBUG] debug-file - There is no need to refresh cache, since the incremental task entry:default@MergeProfile is up-to-date.
[2026-04-23T02:54:36.789] [DEBUG] debug-file - There is no need to refresh cache, since the incremental task entry:default@CreateBuildProfile is up-to-date.
[2026-04-23T02:54:36.789] [DEBUG] debug-file - Update task entry:default@GeneratePkgContextInfo output file:/Users/muniao/Downloads/Pink_House/harmony_next/entry/.preview/default/intermediates/loader/default/pkgContextInfo.json cache.
[2026-04-23T02:54:36.789] [DEBUG] debug-file - Incremental task entry:default@GeneratePkgContextInfo post-execution cost:1 ms .
[2026-04-23T02:54:36.789] [DEBUG] debug-file - There is no need to refresh cache, since the incremental task entry:default@ProcessProfile is up-to-date.
[2026-04-23T02:54:36.789] [DEBUG] debug-file - There is no need to refresh cache, since the incremental task entry:default@ProcessRouterMap is up-to-date.
[2026-04-23T02:54:36.789] [DEBUG] debug-file - There is no need to refresh cache, since the incremental task entry:default@ProcessShareConfig is up-to-date.
[2026-04-23T02:54:36.789] [DEBUG] debug-file - Update task entry:default@ProcessStartupConfig output file:/Users/muniao/Downloads/Pink_House/harmony_next/entry/.preview/default/intermediates/startup/default/startup_config.json cache.
[2026-04-23T02:54:36.790] [DEBUG] debug-file - Incremental task entry:default@ProcessStartupConfig post-execution cost:1 ms .
[2026-04-23T02:54:36.790] [DEBUG] debug-file - There is no need to refresh cache, since the incremental task entry:default@GenerateLoaderJson is up-to-date.
[2026-04-23T02:54:36.790] [DEBUG] debug-file - There is no need to refresh cache, since the incremental task entry:default@PreviewCompileResource is up-to-date.
[2026-04-23T02:54:36.790] [DEBUG] debug-file - There is no need to refresh cache, since the incremental task entry:default@CopyPreviewProfile is up-to-date.
[2026-04-23T02:54:36.790] [DEBUG] debug-file - There is no need to refresh cache, since the incremental task entry:default@PreviewUpdateAssets is up-to-date.
[2026-04-23T02:54:36.791] [DEBUG] debug-file - Update task entry:default@PreviewArkTS input file:/Users/muniao/Downloads/Pink_House/harmony_next/entry/.preview/default/intermediates/loader/default cache by regenerate.
[2026-04-23T02:54:36.791] [DEBUG] debug-file - Update task entry:default@PreviewArkTS input file:/Users/muniao/Downloads/Pink_House/harmony_next/entry/.preview/default/intermediates/res/default/ResourceTable.txt cache by regenerate.
[2026-04-23T02:54:36.791] [DEBUG] debug-file - Update task entry:default@PreviewArkTS input file:/Users/muniao/Downloads/Pink_House/harmony_next/entry/.preview/default/intermediates/process_profile/default/module.json cache by regenerate.
[2026-04-23T02:54:36.791] [DEBUG] debug-file - Update task entry:default@PreviewArkTS input file:/Users/muniao/Downloads/Pink_House/harmony_next/entry/.preview/default/intermediates/res/default/resources/base/profile cache by regenerate.
[2026-04-23T02:54:36.791] [DEBUG] debug-file - Update task entry:default@PreviewArkTS input file:/Users/muniao/Downloads/Pink_House/harmony_next/entry/src/main/ets cache by regenerate.
[2026-04-23T02:54:36.793] [DEBUG] debug-file - Update task entry:default@PreviewArkTS input file:/Users/muniao/Downloads/Pink_House/harmony_next/entry/.preview/default/generated/profile/default/BuildProfile.ets cache by regenerate.
[2026-04-23T02:54:36.793] [DEBUG] debug-file - Update task entry:default@PreviewArkTS output file:/Users/muniao/Downloads/Pink_House/harmony_next/entry/.preview/default/intermediates/loader_out/default/ets cache.
[2026-04-23T02:54:36.793] [DEBUG] debug-file - Incremental task entry:default@PreviewArkTS post-execution cost:3 ms .
[2026-04-23T02:54:36.802] [DEBUG] debug-file - hvigor build process will be closed.
